Score,Group
1.2031428925742433,Healthy
1.3274512207963998,Healthy
1.060295036743001,Healthy
0.9129296976346025,Healthy
1.2975564668490032,Healthy
1.021574054584759,Healthy
1.3597177171709027,Healthy
0.8528525304632739,Healthy
0.8568570675786281,Healthy
0.9249991176484365,Healthy
1.0222538536445516,Healthy
1.0458204710095504,Healthy
1.0556076928707612,Healthy
0.8736198695692499,Healthy
0.91944211506453,Healthy
0.9240978388146472,Healthy
0.9318419207400632,Healthy
1.3384665817452466,Healthy
1.0684079373838893,Healthy
1.099003586005757,Healthy
1.0890669176389642,Healthy
0.8431391731573774,Healthy
1.285551690444843,Healthy
1.229001822664928,Healthy
0.851020122141071,Healthy
1.0600244948584912,Healthy
0.9868662946599004,Healthy
1.3215924876621747,Healthy
0.6752927354427728,Healthy
0.9636005151341226,Healthy
1.09596164781147,Healthy
1.1184853167978261,Healthy
1.0348363527501019,Healthy
0.8537643579029182,Healthy
1.0089926941865668,Healthy
1.5265334198108371,Healthy
0.9768468829774972,Healthy
0.9047124850128173,Healthy
1.0146630843531792,Healthy
1.434745474937509,Healthy
0.9544451609631542,Healthy
0.7780163350435984,Healthy
1.2468462860212006,Healthy
1.0294904403784475,Healthy
1.2039301546242536,Healthy
1.0893326379931696,Healthy
0.8463522154567878,Healthy
0.8141838736223743,Healthy
1.134825139046558,Healthy
1.3646472017377724,Healthy
1.022190781043596,Healthy
1.0072475316220852,Healthy
1.0745831105594414,Healthy
0.9640841281016025,Healthy
1.0093771460999912,Healthy
0.8448407328493035,Healthy
1.045163020227943,Healthy
0.9265160425208324,Healthy
0.8350491305746981,Healthy
0.9791652825240315,Healthy
0.8930525707806024,Healthy
1.2690669022106713,Healthy
0.9982812703822346,Healthy
0.9231382657179913,Healthy
1.046454613087528,Healthy
0.9468793398439854,Healthy
1.3849816757895759,Healthy
0.8098319065123374,Healthy
1.0687833552781478,Healthy
0.8032701839951252,Healthy
1.0094663128922792,Healthy
0.8352366231271006,Healthy
1.2573258325965626,Healthy
0.9231982075085342,Healthy
1.0658860303726756,Healthy
0.9522345921733938,Healthy
1.0481213301255485,Healthy
1.2502510868549381,Healthy
1.1242481366985433,Healthy
0.9067172319562252,Healthy
1.0670210764882246,Healthy
1.090589072850239,Healthy
0.8924941419057685,Healthy
1.0777084094674398,Healthy
0.94704378054386,Healthy
1.1159925153165209,Healthy
0.8402692999871457,Healthy
0.7426796970236827,Healthy
1.059381411834315,Healthy
0.9621979615618536,Healthy
1.2770024430538733,Healthy
0.8567538069968242,Healthy
1.3102143481424031,Healthy
1.1744138344977162,Healthy
1.043351868842588,Healthy
1.173500315280897,Healthy
0.875171957962527,Healthy
0.9257232952530875,Healthy
0.9239552868463429,Healthy
1.021886901440512,Healthy
0.7490506696095101,Healthy
0.8650214762953494,Healthy
1.2732920962954486,Healthy
1.0854647441651173,Healthy
1.3521757379301413,Healthy
1.0163542013073947,Healthy
1.4893701059301914,Healthy
0.9209458785905206,Healthy
0.6979709566005626,Healthy
1.4486153686652337,Healthy
1.008605189464393,Healthy
1.1497612421855798,Healthy
0.9706015394600345,Healthy
0.8836463188212949,Healthy
1.021020049851672,Healthy
0.967507743783117,Healthy
0.9986387040425393,Healthy
1.5000470659959546,Healthy
0.9434925781077367,Healthy
1.1707262900373712,Healthy
0.9728547159662346,Healthy
1.508017339328223,Healthy
0.9935983864346595,Healthy
0.9470669581030595,Healthy
1.2150851179765838,Healthy
1.0484290454670406,Healthy
1.1274920270479685,Healthy
1.2262414013146732,Healthy
0.8332444535287052,Healthy
1.5180957303125233,Healthy
0.875788766089197,Healthy
0.7669896536188884,Healthy
0.9137361076424739,Healthy
0.7263893776858379,Healthy
1.3241796509865191,Healthy
0.8811283180798123,Healthy
1.1338870253538422,Healthy
1.0769172986902718,Healthy
1.1419324766559533,Healthy
1.0233761857973958,Healthy
1.3164426849998174,Healthy
0.8126746784453303,Healthy
0.7882953657851816,Healthy
1.0933881996677297,Healthy
1.6759336375096603,Healthy
1.1701282782947862,Healthy
0.856804738558798,Healthy
0.940022628239081,Healthy
1.0237053965076413,Healthy
1.110578832133859,Healthy
1.0871270479716282,Healthy
1.0671169688357882,Healthy
0.8933172465229035,Healthy
1.2112344756737472,Healthy
0.7928041935946853,Healthy
1.5238488417812197,Healthy
0.8927139086618632,Healthy
1.5309412821658088,Healthy
0.8586158625001894,Healthy
1.1959850490272812,Healthy
0.785174176498583,Healthy
0.9043792579765233,Healthy
1.2163281132549366,Healthy
0.9636908242457023,Healthy
0.936654647112053,Healthy
1.0980471368865634,Healthy
1.2004434547196194,Healthy
0.8345638904704497,Healthy
0.8754914801087188,Healthy
0.9852351208068343,Healthy
1.269635723577183,Healthy
1.160698816160468,Healthy
1.281555830511373,Healthy
0.9510168669067485,Healthy
0.9622372429012227,Healthy
1.0985081481834729,Healthy
1.0744876562311867,Healthy
1.4407848835503334,Healthy
0.8149401412282686,Healthy
1.0642246308264032,Healthy
1.2701948161536134,Healthy
1.1627770524648227,Healthy
0.8009459792166197,Healthy
1.0690930538264014,Healthy
1.014025602126401,Healthy
1.3313330281035511,Healthy
0.8231546109040662,Healthy
1.1394796309243835,Healthy
0.9639420361840373,Healthy
1.2543495416686439,Healthy
1.030497048050547,Healthy
1.0588967657428634,Healthy
1.361149027627125,Healthy
0.8843107319819089,Healthy
1.3541236705650153,Healthy
1.1347633746131571,Healthy
1.0177007190366614,Healthy
1.1970699733348669,Healthy
1.028708333000825,Healthy
0.9419105309058773,Healthy
0.786885537874417,Healthy
1.2977638833411969,Healthy
1.0029327796101832,Healthy
1.172177881754378,Healthy
1.0952761658977648,Healthy
1.0606603362656541,Healthy
0.8956569619035668,Healthy
1.1200141500588434,Healthy
1.0585205079940745,Healthy
0.9004013375567599,Healthy
0.7231932363466502,Healthy
1.217190418751399,Healthy
1.318763948759187,Healthy
0.7714636456336024,Healthy
0.7297413755863563,Healthy
0.9107381797815385,Healthy
0.7671951862458165,Healthy
1.1039294396651933,Healthy
1.397071342824496,Healthy
0.8125160465689654,Healthy
1.2207655430225421,Healthy
1.3844277327749555,Healthy
1.1149223431803905,Healthy
0.9438607952050103,Healthy
1.2061867054878381,Healthy
0.924524589813051,Healthy
0.7770508946825831,Healthy
1.1148459523282817,Healthy
0.8572288787872641,Healthy
0.8982459003085942,Healthy
0.8767678080326602,Healthy
1.0238621742630076,Healthy
1.0171297888129749,Healthy
0.8311079475266812,Healthy
0.7816713700518941,Healthy
1.547905970999479,Healthy
1.1292373445144415,Healthy
1.0640904713713875,Healthy
1.1516626367666096,Healthy
1.1597081479175935,Healthy
1.0455568395210857,Healthy
0.8257368514064616,Healthy
1.1291472905339741,Healthy
1.1090669108190903,Healthy
0.7265033961050575,Healthy
0.9964572555026499,Healthy
0.747602410332442,Healthy
0.859292607114683,Healthy
0.9574113260260005,Healthy
1.0083959258976536,Healthy
1.3173394703939239,Healthy
0.9083123897471899,Healthy
1.172418817442687,Healthy
1.293725202862162,Healthy
1.1423774415216614,Healthy
1.23298588883838,Healthy
1.215761135407109,Healthy
0.9417664325647387,Healthy
1.0144883398129807,Healthy
1.1021628371855734,Healthy
1.0566732545838362,Healthy
0.8706020286745196,Healthy
0.9328917156280073,Healthy
0.9005984565456138,Healthy
1.0691401878972087,Healthy
0.9801773113250071,Healthy
1.0063291911214087,Healthy
0.8281804213221569,Healthy
0.9774334097936805,Healthy
1.3598166632765858,Healthy
0.9392372003385483,Healthy
0.8519538755596048,Healthy
1.0298570942573344,Healthy
1.1546944571232267,Healthy
0.8213944238812766,Healthy
1.102823079163049,Healthy
1.1783944324258193,Healthy
1.2260789628930924,Healthy
0.8237536742709213,Healthy
1.1825066237050705,Healthy
0.7288741827226333,Healthy
0.783398713984137,Healthy
0.7885058492693271,Healthy
1.4761627855667647,Healthy
0.921488700055312,Healthy
2.1165332537628134,Healthy
0.8113474572823028,Healthy
0.8639792507630334,Healthy
1.048670568886514,Healthy
1.0452442877134873,Healthy
1.0536121562337366,Healthy
1.1066356946878764,Healthy
1.589143392203626,Healthy
0.7908846694647305,Healthy
1.3281590982379188,Healthy
1.4819104124723288,Healthy
1.1048286503374734,Healthy
0.9461407185094757,Healthy
0.8920283302231937,Healthy
1.2395721206479802,Healthy
0.8171027252354265,Healthy
0.9668924472122007,Healthy
0.8659329385774567,Healthy
0.8432959242094055,Healthy
1.136752917040153,Healthy
0.8528576489820893,Healthy
1.0736594010041232,Healthy
1.6947067581290656,Healthy
0.9463601237164525,Healthy
0.8289187280013356,Healthy
1.0317728326925832,Healthy
0.7202953146092483,Healthy
1.6576998430357541,Healthy
1.0929374923472273,Healthy
1.1846135681488368,Healthy
0.906331931598889,Healthy
1.087972355398125,Healthy
0.9519189953540821,Healthy
0.8127840719252929,Healthy
1.1122745994263938,Healthy
1.2079087270244107,Healthy
0.8659237152102505,Healthy
0.8510647635568045,Healthy
0.7382059170824279,Healthy
0.9374115678194889,Healthy
1.004739172171963,Healthy
1.149277201675244,Healthy
0.8247853804118115,Healthy
0.871237827499617,Healthy
1.0713546156058933,Healthy
0.7608438639989004,Healthy
0.8184486687245327,Healthy
0.9849315496189756,Healthy
0.9548770901524213,Healthy
1.0100554063440315,Healthy
0.8740938213766174,Healthy
1.2372930880645163,Healthy
1.2082008146508754,Healthy
0.9484721102633329,Healthy
1.032504549950552,Healthy
0.924678744499576,Healthy
1.1540356206880018,Healthy
1.049175901093725,Healthy
1.253163086320702,Healthy
1.0178420630463476,Healthy
1.2219240851854238,Healthy
1.0245973044995207,Healthy
0.6850535359060257,Healthy
0.9193895019036528,Healthy
1.2988552535961164,Healthy
1.3602776736699513,Healthy
0.9156101552655748,Healthy
0.9197528364711988,Healthy
0.8375138456447391,Healthy
0.7151089987279068,Healthy
0.9273547652802467,Healthy
0.9783886764973503,Healthy
0.7920047525936283,Healthy
0.8270559957733135,Healthy
1.0834331836069169,Healthy
1.0540427739888436,Healthy
1.1485701282721317,Healthy
1.0389930102108107,Healthy
1.718295949561355,Healthy
1.284339060540302,Healthy
1.0692304882092647,Healthy
0.9606431656780068,Healthy
0.9717555473669831,Healthy
1.4527352944743328,Healthy
0.9835098762013708,Healthy
1.1098113078678202,Healthy
1.0721480364756777,Healthy
0.8104239485491667,Healthy
1.0019978404684469,Healthy
1.052696446832099,Healthy
1.0453743098592074,Healthy
0.9407193919102812,Healthy
0.752788085622324,Healthy
1.045122154959174,Healthy
1.160488714270321,Healthy
0.8230838102011087,Healthy
1.1092435453558684,Healthy
1.1954859325279992,Healthy
0.9856684573312839,Healthy
1.0538378574513219,Healthy
1.012895546995371,Healthy
0.9160154241680705,Healthy
1.153861390496835,Healthy
1.2936078039126113,Healthy
0.9430942860710683,Healthy
0.8625906231771917,Healthy
0.7705104999922815,Healthy
0.9475071512158854,Healthy
1.0482480954180362,Healthy
0.7909750888615328,Healthy
1.4875997440672457,Healthy
1.0418754295981405,Healthy
1.3061618055437507,Healthy
1.453805237186978,Healthy
0.983351158842657,Healthy
1.4227815815089444,Healthy
1.093062119445434,Healthy
1.0845762379414488,Healthy
1.095236799029434,Healthy
1.0873020765332275,Healthy
0.9123815912072286,Healthy
0.8876180403806019,Healthy
1.2889780103814268,Healthy
1.101035766911175,Healthy
0.8401931450897507,Healthy
0.8799004226469898,Healthy
1.0983632886632806,Healthy
0.7604879509712331,Healthy
0.9200993955496755,Healthy
0.9771751700058461,Healthy
0.7649240763315506,Healthy
0.8580827194027545,Healthy
0.7788922345303912,Healthy
0.8023000885026761,Healthy
0.9263608259131619,Healthy
1.0372160811493227,Healthy
0.9965704887323981,Healthy
1.0105150825650921,Healthy
0.8701646079627962,Healthy
1.3214769186843514,Healthy
0.882430983296085,Healthy
1.200940189091834,Healthy
1.1263967582996426,Healthy
1.0960665336052835,Healthy
1.022122955518202,Healthy
0.9792713805627646,Healthy
1.078231638298125,Healthy
0.8011606212430981,Healthy
1.2434364504870994,Healthy
1.7042990621782772,Healthy
1.237619659408794,Healthy
1.1021826484411108,Healthy
1.3647487030957697,Healthy
0.9543555084664211,Healthy
1.0227873837816512,Healthy
0.8503220766392834,Healthy
0.919869906925023,Healthy
0.7356109508117814,Healthy
0.8829787319639328,Healthy
1.2483028597676833,Healthy
0.9960721453476816,Healthy
0.9764789983141678,Healthy
1.2008040581507489,Healthy
1.3442244557908933,Healthy
1.0509779839676088,Healthy
1.3185427821090223,Healthy
0.7105865847051275,Healthy
1.013175544687816,Healthy
1.0122924963089996,Healthy
0.860680114483113,Healthy
0.9813586401074683,Healthy
0.8020447540295315,Healthy
0.7850623129561523,Healthy
1.0318469334923046,Healthy
0.8801201250371471,Healthy
1.2752407359511528,Healthy
0.9766569334160989,Healthy
1.026793875969596,Healthy
1.0381077856504832,Healthy
0.8900208256326163,Healthy
0.9506932776056852,Healthy
0.9473949645971772,Healthy
0.82452778969638,Healthy
1.1926630158063911,Healthy
0.9843802144021458,Healthy
0.9132125784505999,Healthy
0.7623692257523761,Healthy
0.9877692117588074,Healthy
0.743156749611081,Healthy
1.0328750841284986,Healthy
0.7795008662881234,Healthy
1.3184442131752494,Healthy
1.036591895049947,Healthy
1.4057283642700884,Healthy
1.2058927980822958,Healthy
0.9993471099816975,Healthy
0.8986889467299143,Healthy
1.0738304587428324,Healthy
1.6105253812880937,Healthy
0.8417084712029216,Healthy
0.9860942059969086,Healthy
0.8880247807330769,Healthy
0.8087588560771727,Healthy
0.9133871754957771,Healthy
0.9429526671028621,Healthy
1.047160247221142,Healthy
0.814131437710228,Healthy
1.2104518010615557,Healthy
1.4933030246659806,Healthy
1.1373157811353178,Healthy
1.016813622925851,Healthy
1.014031310848078,Healthy
1.0658604596255736,Healthy
0.9970645574952972,Healthy
1.1637466022839638,Healthy
1.1892067900023673,Healthy
0.9001825699113252,Healthy
1.3012885350675771,Healthy
1.1165641124418795,Healthy
1.1576293044491814,Healthy
1.6742918008137337,Healthy
0.8736327041209193,Healthy
0.8806702767216806,Healthy
0.8469091327192173,Healthy
0.8854725023299673,Healthy
0.8824466231043913,Healthy
1.2459501611060697,Healthy
0.9442730620571477,Healthy
0.9988506991067408,Healthy
1.1545065758419593,Healthy
1.2653633986486283,Healthy
0.833540265162607,Healthy
1.0214993976499824,Healthy
0.8991554554270335,Healthy
1.253359045577177,Healthy
1.1393849873743873,Healthy
1.0934599592501117,Healthy
0.9846939833506265,Healthy
0.7958736905999348,Healthy
0.8901821071038933,Healthy
1.1903223616071228,Healthy
1.0883728528301744,Healthy
1.2112309705138402,Healthy
0.9005636828967104,Healthy
1.272332088606335,Healthy
0.9602942182650728,Healthy
1.2634035042099043,Healthy
0.9856696889989507,Healthy
0.8873858650095882,Healthy
1.0285000669928448,Healthy
0.9731209013800856,Healthy
0.9010741330260458,Healthy
0.951787131986034,Healthy
0.801399853314751,Healthy
1.1255510161146436,Healthy
1.4075736956558342,Healthy
0.9791114599188621,Healthy
1.0896884710109815,Healthy
1.1896348815529447,Healthy
1.1232077707718282,Healthy
0.9684489955599211,Healthy
0.9264000809751272,Healthy
1.0717094281184185,Healthy
0.8791808150690297,Healthy
1.2939940322151409,Healthy
1.0783824435923595,Healthy
1.1675510693187203,Healthy
0.9649412315020454,Healthy
0.9245082072762688,Healthy
1.4557409279676212,Healthy
0.8769272354863795,Healthy
0.945985765591672,Healthy
0.9381639622771055,Healthy
0.94307237536889,Healthy
1.6155729211869008,Healthy
0.7690696266345204,Healthy
1.2639876447014409,Healthy
0.9540199767103923,Healthy
1.0266724994096406,Healthy
0.8827169640179628,Healthy
0.9948467808559404,Healthy
1.0476654741246862,Healthy
1.004770188892144,Healthy
1.1596216144816212,Healthy
0.8383521277979986,Healthy
1.098939130801656,Healthy
1.0008774480129536,Healthy
0.8139464723885097,Healthy
0.8487155455669512,Healthy
1.7580428395216368,Healthy
0.9810747065372035,Healthy
0.8407566809664614,Healthy
0.9485234052264855,Healthy
0.9883659509467083,Healthy
1.0662101545889942,Healthy
0.8097875685461,Healthy
1.2905035369073703,Healthy
0.9323487310284174,Healthy
0.9960322181260225,Healthy
1.5012717642021518,Healthy
0.8938818349649897,Healthy
0.8066921577800806,Healthy
0.8690414985321534,Healthy
0.9421892361847058,Healthy
0.9035178805240329,Healthy
1.059592971881046,Healthy
0.811821667603361,Healthy
1.110483325794881,Healthy
0.9893737620147353,Healthy
0.9499817681635229,Healthy
0.7159118018833555,Healthy
0.9847846928988077,Healthy
0.8109744733517316,Healthy
0.8746654207032035,Healthy
1.1298974200638898,Healthy
0.8905629850922658,Healthy
0.9040891681740063,Healthy
1.3530313679558448,Healthy
0.9051024071831273,Healthy
0.8065546931205636,Healthy
0.8664506842996392,Healthy
1.264579697467998,Healthy
1.1351655128384293,Healthy
1.1110321269310865,Healthy
0.9129101685591455,Healthy
0.7867043709325166,Healthy
0.8709941648878924,Healthy
0.9153198418241458,Healthy
0.8424011827013564,Healthy
0.975004104856465,Healthy
0.9170739267568649,Healthy
0.9420062955179828,Healthy
0.9722842059669855,Healthy
1.2075247036299646,Healthy
0.7415059117814238,Healthy
0.8711202890427946,Healthy
0.8085046212439125,Healthy
0.9445878242218626,Healthy
0.828398030935002,Healthy
1.456936266360473,Healthy
0.8763536816112732,Healthy
1.299913471836816,Healthy
0.8740456960375058,Healthy
0.7981162518189776,Healthy
0.8393226719561153,Healthy
1.3384628091994404,Healthy
0.9201725630707462,Healthy
1.1798216655600298,Healthy
1.0356263369063348,Healthy
1.0908487152416424,Healthy
0.8123879064417584,Healthy
1.408048343698051,Healthy
0.8866248162668485,Healthy
1.3868949557676573,Healthy
1.0757877139431138,Healthy
0.9520409330630595,Healthy
1.0601988839532905,Healthy
1.0182831254743174,Healthy
0.74489630243689,Healthy
1.258388538623794,Healthy
1.1204237849488983,Healthy
1.245288898273508,Healthy
1.2596876603518976,Healthy
1.1209800313389384,Healthy
0.7989737869882796,Healthy
1.5558762123735346,Healthy
0.88535884649638,Healthy
0.946046319678975,Healthy
0.7129208967569507,Healthy
1.1143027693852148,Healthy
0.8839478539789558,Healthy
1.0946343076013882,Healthy
0.9254732511020685,Healthy
1.2024938787135544,Healthy
1.594246309830232,Healthy
1.5284887768516726,Healthy
0.8350396758689335,Healthy
1.0108641281376074,Healthy
1.0929312715434603,Healthy
0.880263496585431,Healthy
1.1283148928370954,Healthy
0.9112684297456657,Healthy
0.9899013215852918,Healthy
0.9813086796541433,Healthy
0.8113684042065009,Healthy
0.9551305245719572,Healthy
0.9180883336440125,Healthy
0.8510729926701449,Healthy
0.8969774501191718,Healthy
1.4001310245390333,Healthy
0.8703447840676747,Healthy
0.9887833535503943,Healthy
0.8334058058907758,Healthy
0.8045104158755941,Healthy
0.8039335925755681,Healthy
0.9052355641915137,Healthy
0.720039136494395,Healthy
1.0652484043921662,Healthy
1.7323658903087216,Healthy
0.7846006493711005,Healthy
0.8915605302148519,Healthy
1.1032288916850592,Healthy
1.527199332139383,Healthy
0.7481664714705211,Healthy
0.9554259213004177,Healthy
1.8603276378900842,Healthy
0.8429293981980209,Healthy
0.8814939142817384,Healthy
0.7615806527844221,Healthy
0.9533617882468776,Healthy
0.7944871783945338,Healthy
0.9532028953076223,Healthy
0.883062380823985,Healthy
0.791046113491113,Healthy
0.740589152143889,Healthy
1.178567219522045,Healthy
1.0985154815324965,Healthy
0.9676516105676359,Healthy
0.8647738381054235,Healthy
1.139367404113626,Healthy
1.0006949455923126,Healthy
1.0887198697083407,Healthy
1.2598439520172269,Healthy
0.9074295150757429,Healthy
0.6810139009129892,Healthy
1.0003998831907654,Healthy
0.9468708057143558,Healthy
0.8447560748834666,Healthy
1.1380394847651112,Healthy
0.9236441213538782,Healthy
0.7672625705513428,Healthy
1.003382004215379,Healthy
0.8183711978197166,Healthy
0.7754928280776794,Healthy
1.1149568504085237,Healthy
0.874111241860048,Healthy
0.8140422800136619,Healthy
0.7110307743004765,Healthy
1.1262611890988932,Healthy
1.068010795335509,Healthy
0.8169703402501552,Healthy
1.1402675793592545,Healthy
1.0682714491534955,Healthy
1.0413373017506362,Healthy
1.4037606163555452,Healthy
0.9824867835001816,Healthy
1.2843190891906482,Healthy
1.2192222187386057,Healthy
1.1916724732303232,Healthy
1.0760205029507302,Healthy
1.217470782564084,Healthy
0.9550262729566844,Healthy
1.0851835011238857,Healthy
0.9436820721992221,Healthy
0.9369743108195525,Healthy
0.8787314289688387,Healthy
1.3735509933394474,Healthy
1.0594966916640463,Healthy
1.5142500889330865,Healthy
0.7511500475329753,Healthy
1.3469455205560898,Healthy
1.0771636767214354,Healthy
0.7779368076683169,Healthy
1.3298275029344977,Healthy
0.9311930446969507,Healthy
0.8559282149992455,Healthy
0.7031386706693313,Healthy
0.9065447618387812,Healthy
1.6788646810876333,Healthy
0.912771333587872,Healthy
0.9661344812420601,Healthy
1.479686106051879,Healthy
0.9451517597196999,Healthy
1.0802748538416076,Healthy
1.0586068394173525,Healthy
1.165692432547885,Healthy
1.062640736805058,Healthy
1.2741134221920902,Healthy
1.113475323044061,Healthy
0.7992211892757198,Healthy
0.837440403875864,Healthy
0.6795989570763987,Healthy
1.028077499807039,Healthy
1.0677664135970601,Healthy
0.914110147952346,Healthy
1.025038312897691,Healthy
0.9051051703201671,Healthy
0.9092737159896904,Healthy
0.9300832073933617,Healthy
1.299590602959446,Healthy
1.152847236929377,Healthy
0.9893839061757399,Healthy
1.319242762274174,Healthy
0.85101694455437,Healthy
0.8235637563952604,Healthy
1.1505012541065462,Healthy
0.7862638525285582,Healthy
0.8812186162733335,Healthy
0.8476232791146894,Healthy
1.2499601686284654,Healthy
0.8569865070377115,Healthy
0.8600922990964679,Healthy
0.9539018650594067,Healthy
1.2613303039750596,Healthy
0.9184650005071021,Healthy
0.9344104482665604,Healthy
0.7894264451039832,Healthy
1.2466674046986232,Healthy
1.0399878843753132,Healthy
1.1929297035761397,Healthy
0.870986080016209,Healthy
1.160533328682403,Healthy
0.8348115636309743,Healthy
1.329493997854065,Healthy
0.9153910592947768,Healthy
0.8529663270250477,Healthy
1.0694003612997063,Healthy
1.1557240281660135,Healthy
1.2383590140464418,Healthy
1.229606495337154,Healthy
1.0378972010390661,Healthy
1.1173674657920758,Healthy
1.0698681190693617,Healthy
0.9973043348585898,Healthy
0.911427375153139,Healthy
1.0264887172185861,Healthy
1.1446527674193956,Healthy
0.9564382538029993,Healthy
1.170059318024316,Healthy
0.8642549020594356,Healthy
0.8363471822674122,Healthy
0.8717000908258601,Healthy
0.7705318230582306,Healthy
1.3214500755106644,Healthy
1.1821386282644764,Healthy
1.0464716272779995,Healthy
1.1269932957527042,Healthy
1.0203574856917625,Healthy
0.883081083025483,Healthy
0.7255827410803919,Healthy
0.9680618361846153,Healthy
1.3457848974890607,Healthy
0.95136791086674,Healthy
1.5576406918192582,Healthy
0.9862740136112322,Healthy
0.9168939546782111,Healthy
0.7605160429834629,Healthy
0.9048147537083078,Healthy
1.3378396115909252,Healthy
0.806497731205188,Healthy
1.4088829977688044,Healthy
0.9386709192635477,Healthy
1.1378067577092743,Healthy
1.0060841842134471,Healthy
0.7603584280264822,Healthy
0.9384460964976545,Healthy
0.9623089423608967,Healthy
1.182506579054245,Healthy
1.3032421132451757,Healthy
1.113804739199908,Healthy
1.4442067338815336,Healthy
1.1942248265705468,Healthy
0.7851136703980078,Healthy
0.8356290330933086,Healthy
1.089511550614502,Healthy
0.7979080391547858,Healthy
0.962570255669099,Healthy
1.020043090702063,Healthy
0.8078803339056281,Healthy
1.3754590448839428,Healthy
0.9073700470522829,Healthy
1.2543621866812535,Healthy
0.9584613497519744,Healthy
1.069525668599886,Healthy
0.7934330834224319,Healthy
1.1005401518166895,Healthy
0.6947599778139417,Healthy
0.8831822021835588,Healthy
1.073208595512253,Healthy
1.3036762548510195,Healthy
0.8994458034034727,Healthy
1.088037011951229,Healthy
1.0444913963200948,Healthy
1.2036460612677078,Healthy
0.8905212310169046,Healthy
0.8627745883588732,Healthy
1.208651910261079,Healthy
1.1206215177115748,Healthy
1.287244952119885,Healthy
0.7655884851103252,Healthy
0.8871574433841782,Healthy
0.8578310630423222,Healthy
0.7744375813155224,Healthy
1.1621487706018272,Healthy
1.2952193257172389,Healthy
0.8625244560008014,Healthy
1.016211491415798,Healthy
1.167089529279327,Healthy
0.9159121260425886,Healthy
1.2641828589163893,Healthy
0.7569745198318529,Healthy
1.2100100640337454,Healthy
1.0319285394093998,Healthy
1.3358782894648147,Healthy
0.7919545247368752,Healthy
1.135842645682825,Healthy
0.7969157297061363,Healthy
0.8725950502880483,Healthy
1.1165694486682964,Healthy
0.7549376833022086,Healthy
1.3679370092642944,Healthy
0.9764059684342321,Healthy
1.1165728754436217,Healthy
1.0128160683587568,Healthy
0.8047334407666413,Healthy
1.0953950940365458,Healthy
1.0386119105929683,Healthy
0.8730454453114359,Healthy
1.2680107664730909,Healthy
0.8384072216279599,Healthy
0.8788813714434982,Healthy
0.9556679643895777,Healthy
1.0118836897904342,Healthy
0.9600838748384676,Healthy
1.134442463384867,Healthy
0.9649621578799394,Healthy
1.1307748987443593,Healthy
1.0627472374591223,Healthy
0.8455996292868636,Healthy
0.9300949574617271,Healthy
1.086752144703739,Healthy
0.9563585318111952,Healthy
1.2806163534832329,Healthy
0.9272680942848789,Healthy
1.5770121500672598,Healthy
0.9044006955682026,Healthy
0.958793882528416,Healthy
1.1387305333435858,Healthy
1.01198845320065,Healthy
0.9394798366875807,Healthy
0.9635002111246893,Healthy
1.105853015508573,Healthy
0.9199011416938293,Healthy
1.0282412319849679,Healthy
1.0248581182600465,Healthy
1.3469465309880604,Healthy
0.9994318222314698,Healthy
0.9721292765818799,Healthy
0.9317571625986278,Healthy
1.0021883961543645,Healthy
1.08541054749982,Healthy
0.8311843697599605,Healthy
1.1122607361855437,Healthy
1.0851206483866191,Healthy
1.0678055048159494,Healthy
1.3048071476356673,Healthy
0.9347437277670246,Healthy
1.2026853404917215,Healthy
1.39736272157421,Healthy
0.8950160308044343,Healthy
1.180259547585078,Healthy
0.877131826075241,Healthy
0.8412358916064863,Healthy
1.119177205988562,Healthy
0.974463281237988,Healthy
0.9622666969367681,Healthy
1.0229263579059793,Healthy
1.0095066560746626,Healthy
0.7192809469468624,Healthy
1.0498817996625078,Healthy
0.8071241363108932,Healthy
0.861103137473646,Healthy
1.2162658948279417,Healthy
0.9647404737415989,Healthy
0.8214815722537242,Healthy
0.9969171744331042,Healthy
0.9423666390707834,Healthy
1.09982058701495,Healthy
0.9398511499587344,Healthy
1.0200994386657065,Healthy
1.3395077835007878,Healthy
0.8976752243233739,Healthy
0.9819769524614727,Healthy
1.1944022713706481,Healthy
1.5148052251067994,Healthy
0.8197181061213173,Healthy
0.8587522602943701,Healthy
0.8148322307500451,Healthy
1.257761434450112,Healthy
0.9136167189369984,Healthy
0.9716826756504496,Healthy
1.1648039276220443,Healthy
1.3197627205476343,Healthy
1.0005007468929674,Healthy
0.8624446279126458,Healthy
0.7458329369515074,Healthy
0.9367212335925117,Healthy
1.0401500130350436,Healthy
1.0334953481847966,Healthy
0.8655187996274204,Healthy
1.2567419645059978,Healthy
0.7732878562634973,Healthy
0.9463827548165881,Healthy
1.0042455867261366,Healthy
1.0742029997938083,Healthy
0.8734706266716808,Healthy
1.187958526216462,Healthy
1.0177331876815305,Healthy
1.1094597923181164,Healthy
1.0139180935482166,Healthy
1.2388436263137843,Healthy
0.9407495719784214,Healthy
1.4094252124944562,Healthy
0.9196091262261799,Healthy
1.1487051491769649,Healthy
0.9823348016978521,Healthy
0.8604911673625467,Healthy
1.143656233941635,Healthy
0.9162766134448748,Healthy
1.1002429000562206,Healthy
1.0248740533834073,Healthy
1.1265110342600593,Healthy
1.0183196013109195,Healthy
0.914440682402506,Healthy
0.8081230659433543,Healthy
1.2409058924294498,Healthy
0.9289830172151005,Healthy
1.6402674953149863,Healthy
0.9206949909442953,Healthy
0.8167216637854773,Healthy
1.3104050026784257,Healthy
0.77709073194499,Healthy
0.9621165669780631,Healthy
0.8455504639575567,Healthy
0.927005582928613,Healthy
0.9843398866239542,Healthy
1.1157107107952988,Healthy
0.8218063893904317,Healthy
0.8617603993416435,Healthy
1.1516049694713608,Healthy
1.2148329458311071,Healthy
1.1353240655197057,Healthy
1.3858943164151856,Healthy
0.9747750093787361,Healthy
0.9663810533909428,Healthy
1.559692143171744,Healthy
1.3763479368191325,Healthy
0.773659283942034,Healthy
0.79279993292745,Healthy
1.316696751204299,Healthy
0.783679239350588,Healthy
0.954133998063205,Healthy
0.836330591378855,Healthy
1.0941216133038356,Healthy
1.025516052058028,Healthy
0.9403071129060034,Healthy
0.9118825733630617,Healthy
1.2637007628200292,Healthy
0.9954881603090107,Healthy
1.237124114844799,Healthy
1.0144436694249401,Healthy
0.9336336478789367,Healthy
1.2103271672785747,Healthy
0.8795377185684086,Healthy
0.8115168278119991,Healthy
1.1339177195702148,Healthy
1.1664848540835877,Healthy
0.8844997296947107,Healthy
1.1665033266934193,Healthy
0.8034915448756598,Healthy
0.7110697914688666,Healthy
1.117046988463311,Healthy
1.023820901566735,Healthy
1.0640023148192628,Healthy
0.9427695804034609,Healthy
0.8054179453564614,Healthy
0.7719890097644452,Healthy
0.896983239054457,Healthy
1.183509699350547,Healthy
1.1747157002133084,Healthy
1.0042941163925916,Healthy
0.9642351428498162,Healthy
1.270827256050161,Healthy
0.8769851013643797,Healthy
0.9917150848298042,Healthy
0.9138193540278381,Healthy
0.9145315806021287,Healthy
1.5013105731112308,Healthy
0.9833725674022006,Healthy
1.3362399502149276,Healthy
1.1587218456269033,Healthy
0.8388151841166572,Healthy
1.0902500110868956,Healthy
1.00002146580205,Healthy
1.0014014062707095,Healthy
1.7195324617578327,Healthy
1.0907886919748,Healthy
1.0757319571237152,Healthy
1.1176820042466733,Healthy
1.4895820495926972,Healthy
0.9398035315633259,Healthy
1.06439973630021,Healthy
1.7170718595352779,Healthy
1.0441880013088913,Healthy
0.8816940650158409,Healthy
0.7352873148848457,Healthy
0.9829937019656221,Healthy
0.9270900976857636,Healthy
1.1848293320222383,Healthy
1.1893847523552528,Healthy
0.8547975421770271,Healthy
0.8013882745123738,Healthy
1.118972190453673,Healthy
1.096463818380737,Healthy
1.0439941689201593,Healthy
0.9088693205589133,Healthy
1.1850166269524463,Healthy
0.8127376191797644,Healthy
0.9446259328996425,Healthy
1.3445911116324951,Healthy
0.9503034041048896,Healthy
1.4198646971027769,Healthy
0.8317596072616574,Healthy
0.9452038848306105,Healthy
1.2422320360537884,Healthy
0.9793104409565448,Healthy
1.0147994178045818,Healthy
0.9049361050586721,Healthy
1.0314079448480837,Healthy
0.773919827563641,Healthy
1.2874163563172083,Healthy
1.4812409188957119,Healthy
1.1480005047020514,Healthy
0.8083981758605696,Healthy
0.7408471548440607,Healthy
0.932817004641431,Healthy
1.2560785433497157,Healthy
0.8092829494970328,Healthy
1.1497167125778673,Healthy
1.113931760303371,Healthy
0.823416227715047,Healthy
1.1762429310427414,Healthy
0.8569173725622685,Healthy
1.4286386571165017,Healthy
0.9898227857464341,Healthy
1.124040796101306,Healthy
0.814768594027518,Healthy
1.1554373453000804,Healthy
1.0038621070418272,Healthy
0.9283863071828541,Healthy
0.7905396537722189,Healthy
0.8261796785633947,Healthy
0.9922694820454045,Healthy
0.9907151706267042,Healthy
1.0063133521268988,Healthy
1.024397135989908,Healthy
1.1979182248028317,Healthy
0.8809614644095365,Healthy
0.9063269076938161,Healthy
0.9763667989446296,Healthy
1.1407234217961302,Healthy
0.9635146523553407,Healthy
0.7274772351559226,Healthy
1.0867263608877047,Healthy
1.0996588093385287,Healthy
1.1098655725525557,Healthy
1.4798690732847477,Healthy
1.0984110184801796,Healthy
1.0820540076700629,Healthy
0.8927676397384077,Healthy
0.9237446350195345,Healthy
1.2612780681562519,Healthy
1.0659515693298374,Healthy
1.015151386024756,Healthy
1.0127007928445437,Healthy
1.2770635612580825,Healthy
1.5681846492139235,Healthy
1.428299876761975,Healthy
1.1359279271200435,Healthy
0.8066559462987327,Healthy
0.8894992645121558,Healthy
1.3433636580147512,Healthy
0.7516128456985015,Healthy
0.8276842443426073,Healthy
0.8606394797415081,Healthy
1.4810853710818948,Healthy
0.8934803671430984,Healthy
0.8268722553812744,Healthy
1.0759201841680608,Healthy
0.9993418322665363,Healthy
0.7971868530790888,Healthy
0.8258094230671823,Healthy
1.0428164737236048,Healthy
0.794758754381671,Healthy
0.7807322244442411,Healthy
0.8091936916650122,Healthy
1.0414690646835203,Healthy
1.24342612805215,Healthy
0.9175490412214796,Healthy
0.8282930200041165,Healthy
1.0299436556163195,Healthy
0.9091371244670561,Healthy
0.8556266224507287,Healthy
1.0984796542411608,Healthy
0.7875144944198202,Healthy
1.2130510253236058,Healthy
1.0724079326014784,Healthy
0.8852988478179087,Healthy
1.0457628023928967,Healthy
0.8671762729543924,Healthy
1.2359751639236007,Healthy
1.154507616753294,Healthy
1.0061221876563635,Healthy
1.2218031317457392,Healthy
1.1680379475821263,Healthy
1.3516994981675514,Healthy
0.8911130088718472,Healthy
1.1108466376954076,Healthy
1.4540522465120622,Healthy
0.838198500572612,Healthy
0.9486168790204795,Healthy
0.7808240087943978,Healthy
1.0637827038497276,Healthy
1.1435306776982717,Healthy
0.943987097048415,Healthy
0.820843769532139,Healthy
0.7039928126832203,Healthy
0.8495430346462536,Healthy
0.9609956932311268,Healthy
1.1549446047490408,Healthy
1.330921544474243,Healthy
1.021788643585178,Healthy
1.1959647570647756,Healthy
0.989302785969977,Healthy
1.1593782625543538,Healthy
0.8230499558040247,Healthy
1.0614039665447697,Healthy
0.8777031314409889,Healthy
0.8424979389684132,Healthy
0.889465741708506,Healthy
1.227210000561563,Healthy
1.111545397492639,Healthy
1.496380187299701,Healthy
1.4564962684974492,Healthy
1.1253909180588886,Healthy
0.8900768994022279,Healthy
1.0131978332824139,Healthy
1.0678066797335992,Healthy
1.2314915550687158,Healthy
0.9321119695103284,Healthy
0.8769825526748993,Healthy
0.9496575854532374,Healthy
1.4353792230583902,Healthy
1.1441352054263805,Healthy
1.0318898277455266,Healthy
1.068674517666835,Healthy
1.196008902717423,Healthy
0.9561093032699828,Healthy
0.9342617971979942,Healthy
0.7224459064584714,Healthy
1.0360204796108257,Healthy
0.8191121804104653,Healthy
0.9736534737983773,Healthy
0.9043548624048868,Healthy
1.2574743398471169,Healthy
0.9232163208135237,Healthy
1.0803896604966707,Healthy
0.8204825223139101,Healthy
1.657746654274845,Healthy
1.104019164898862,Healthy
0.799767520495616,Healthy
0.8535257555657197,Healthy
0.9622213624519431,Healthy
0.9622454236030036,Healthy
0.9694042580074663,Healthy
1.2629378686717116,Healthy
0.9395186328116646,Healthy
0.9356108337379161,Healthy
1.052464599829505,Healthy
1.1476752194375885,Healthy
1.0389496226191308,Healthy
1.1207905513174339,Healthy
1.1224835006159255,Healthy
1.6812269206422934,Healthy
0.8414420738400591,Healthy
1.0909117466708091,Healthy
0.8894660608956354,Healthy
0.9843364016888672,Healthy
0.8757977208385063,Healthy
0.9300821717788316,Healthy
1.1325469416859193,Healthy
0.9697151542548745,Healthy
1.133609848843082,Healthy
0.8055020393482842,Healthy
0.8788920227322247,Healthy
1.7377204343400512,Healthy
0.8355648252835588,Healthy
1.20744663852762,Healthy
1.0984923260383725,Healthy
1.2185723369358494,Healthy
0.8723593372193009,Healthy
1.3905580246382006,Healthy
0.8311455811909959,Healthy
0.9452004730609448,Healthy
1.0806531773052905,Healthy
0.7536264699942152,Healthy
0.8554994160723342,Healthy
1.114264619853584,Healthy
0.7789566208966441,Healthy
0.9276343505831881,Healthy
0.9685552281344935,Healthy
0.9872511046569108,Healthy
0.9612364993717311,Healthy
1.0942666859980075,Healthy
1.1366869427181914,Healthy
0.9095954669917763,Healthy
0.9128669180837073,Healthy
1.429462703007739,Healthy
1.1121623715286106,Healthy
1.0680738977265853,Healthy
0.9414134419517346,Healthy
1.0200761818937636,Healthy
0.8733855856860391,Healthy
1.2147036447851538,Healthy
0.8834751671175131,Healthy
1.0723874251623087,Healthy
1.0134605809374164,Healthy
1.3884332573432903,Healthy
1.2285341084907397,Healthy
1.2201297995262221,Healthy
1.0676767619606313,Healthy
0.870356994179613,Healthy
0.9548518208230546,Healthy
0.8043994158842932,Healthy
1.0392527394498479,Healthy
1.159486207055877,Healthy
0.9826945588172519,Healthy
0.8549996187538444,Healthy
0.7906648640914227,Healthy
0.7625243649679497,Healthy
1.033086001496695,Healthy
1.0362772579727482,Healthy
0.9119555995112363,Healthy
0.8756155176241847,Healthy
1.1664369028169568,Healthy
0.7610724893670242,Healthy
1.0400131720891364,Healthy
0.9215916052917777,Healthy
0.8996755383155878,Healthy
0.9804226292342417,Healthy
1.1802293939040824,Healthy
1.04247676787335,Healthy
1.0303940943793553,Healthy
0.8898765601117329,Healthy
0.9555296807563888,Healthy
0.736267724635893,Healthy
1.122371274632919,Healthy
1.266266622271141,Healthy
0.7914761260573561,Healthy
1.0879453641553198,Healthy
0.7962554197312776,Healthy
0.7607564880885805,Healthy
0.8371956437512462,Healthy
0.9395403502818559,Healthy
0.8054456599455994,Healthy
1.25477302500728,Healthy
0.7465775773812037,Healthy
1.1804715560249939,Healthy
0.9991805884759826,Healthy
1.0173750583829955,Healthy
0.9960622944366065,Healthy
0.8714463894863224,Healthy
1.3651693016956459,Healthy
1.2626328543395289,Healthy
0.897740717122258,Healthy
1.3554882338199186,Healthy
1.0550141447677321,Healthy
1.039585891979723,Healthy
1.3492815442184896,Healthy
0.8835005903971831,Healthy
0.9175119173437934,Healthy
1.1188071509415405,Healthy
1.1219927788104378,Healthy
1.0512547008605817,Healthy
1.0078500218346977,Healthy
0.9256201649347754,Healthy
0.8758908737536655,Healthy
0.8446596578150649,Healthy
1.14443542657612,Healthy
0.9421787575324552,Healthy
0.9083190636042006,Healthy
0.7195621411020591,Healthy
0.8995793153690678,Healthy
1.150282201567326,Healthy
1.1216804871264683,Healthy
1.2544139019536003,Healthy
1.163740248822317,Healthy
0.9180752466756879,Healthy
1.5632457395227972,Healthy
1.0576490504845504,Healthy
1.4644400652032885,Healthy
0.8437274178353144,Healthy
0.9472575542846595,Healthy
1.1728984525959338,Healthy
0.9108311465061362,Healthy
0.9334368272210909,Healthy
1.0603752673582771,Healthy
0.826845940336717,Healthy
0.8862552845925906,Healthy
0.844252762100933,Healthy
0.8086874755705232,Healthy
1.182977653009189,Healthy
0.8442235232918266,Healthy
0.9312312391705204,Healthy
0.8223715222806,Healthy
1.0874577454411547,Healthy
1.1132601083096405,Healthy
0.7970846935888983,Healthy
1.3621765097598544,Healthy
0.9225465224528346,Healthy
1.0491252527619546,Healthy
0.977109670192715,Healthy
0.9667171324936646,Healthy
1.017306826873913,Healthy
0.9557807424746301,Healthy
1.089140052348307,Healthy
1.0436285204930618,Healthy
1.479806744635043,Healthy
0.826230584728565,Healthy
0.7381227044057265,Healthy
1.7017947003370535,Healthy
0.9226045275944084,Healthy
0.9547678149112057,Healthy
1.0589522820450548,Healthy
1.4960048470118004,Healthy
0.9155119729210933,Healthy
0.922370260934183,Healthy
1.0932510812788792,Healthy
1.919604177548372,Healthy
1.1154480557210684,Healthy
0.8603509113543353,Healthy
1.0522512794795562,Healthy
1.3459418449108016,Healthy
0.8639872850424154,Healthy
0.8956816682987971,Healthy
0.9528413579534132,Healthy
1.0474754424791772,Healthy
0.9357241024950304,Healthy
1.4941189834542805,Healthy
0.9694427564591344,Healthy
1.0086222058738616,Healthy
1.0709039327103813,Healthy
0.8234179897153201,Healthy
1.3131117020928835,Healthy
1.2403087747826054,Healthy
0.8738756633825593,Healthy
1.7012430154423839,Healthy
0.9276032932309004,Healthy
1.4470048973487928,Healthy
1.1491212767661547,Healthy
1.1208797813449711,Healthy
1.372442185927381,Healthy
0.780818623807404,Healthy
0.7911053281206869,Healthy
1.1188757702377934,Healthy
0.8453243470554933,Healthy
1.189808635257929,Healthy
1.4748866643720921,Healthy
1.3210642077807015,Healthy
1.355167389425296,Healthy
1.3600523635956878,Healthy
0.7752875591910332,Healthy
0.9957710682580019,Healthy
0.9880766440723123,Healthy
0.8081688097300148,Healthy
1.472952534350044,Healthy
1.0388196613227896,Healthy
1.0979856456204364,Healthy
0.8900294969060359,Healthy
0.9288546730278685,Healthy
1.404306319682491,Healthy
0.908394982468226,Healthy
1.0640952403545485,Healthy
0.9133562979653691,Healthy
0.9061111704218404,Healthy
0.8801903762589985,Healthy
1.4162236301179167,Healthy
1.116928580982351,Healthy
1.3939003237067766,Healthy
1.2801249089147018,Healthy
0.9242443019919585,Healthy
1.414186814130505,Healthy
1.118161378638916,Healthy
1.3946729997649259,Healthy
0.853024862992261,Healthy
1.0709667228600166,Healthy
0.8402400436983969,Healthy
1.0155247968502235,Healthy
1.232363348709833,Healthy
1.1652389751537808,Healthy
1.0783009856399204,Healthy
0.8819243686356978,Healthy
1.0571349334176183,Healthy
0.9890955387326152,Healthy
1.0224706699679544,Healthy
0.7544805754788871,Healthy
1.283677306927035,Healthy
0.9321410452226868,Healthy
0.8209190243811189,Healthy
1.035957580203354,Healthy
1.331398479161954,Healthy
1.0068226342768654,Healthy
1.1348078778194666,Healthy
1.0024264183347842,Healthy
1.5537926816061731,Healthy
0.7365661243524313,Healthy
0.682052643358872,Healthy
1.1344712057889939,Healthy
0.7403232755749899,Healthy
0.8384276054494889,Healthy
1.175343484115023,Healthy
0.9466283864482159,Healthy
0.8923440998546182,Healthy
1.060182191275023,Healthy
1.1314812860728793,Healthy
1.1237643472971777,Healthy
1.079218011609943,Healthy
1.3827713030569717,Healthy
1.0392933512966396,Healthy
2.060574323040734,Healthy
1.1436910193224639,Healthy
0.8939099808887867,Healthy
0.9806502983614909,Healthy
1.026465515926687,Healthy
0.8798965530628285,Healthy
0.9908668537174745,Healthy
1.0651073719339694,Healthy
1.0878837405843682,Healthy
0.9674719584501839,Healthy
1.2553464964625944,Healthy
1.1894278905911875,Healthy
1.8389457373901017,Healthy
1.1076922073197155,Healthy
1.546396682198879,Healthy
0.8188097885605927,Healthy
0.7567901002504148,Healthy
1.2521961697545603,Healthy
0.7969994233243003,Healthy
0.863805143278505,Healthy
1.2195082003321416,Healthy
1.0780578662856126,Healthy
1.32069675825589,Healthy
0.7955481914122328,Healthy
1.5357435473678487,Healthy
0.940629879594341,Healthy
0.9668755692846901,Healthy
1.252216820731903,Healthy
1.0491873259394813,Healthy
0.8506800225538695,Healthy
0.8858339568934804,Healthy
0.9687135301409376,Healthy
0.7969613984190104,Healthy
1.1977130446481032,Healthy
0.930638956119313,Healthy
1.1450928659374178,Healthy
1.199389507748854,Healthy
0.8584866725522267,Healthy
0.8401971733313796,Healthy
1.1995294554071516,Healthy
1.0780999497797883,Healthy
0.9394798366875807,Healthy
1.115562574293153,Healthy
0.8187096255118188,Healthy
1.2332649209911897,Healthy
1.1346428329200329,Healthy
1.0347164236530029,Healthy
1.0688122941308966,Healthy
0.8734513009487177,Healthy
0.7122502406458586,Healthy
1.2152086930541814,Healthy
0.9508368822800881,Healthy
1.2463363751696819,Healthy
0.9321429393853119,Healthy
1.2047498185884227,Healthy
1.1054907445694853,Healthy
0.9361108443502772,Healthy
1.0650806763531198,Healthy
1.0363260312406417,Healthy
1.0205911237421523,Healthy
0.845943643238995,Healthy
0.9851420787034505,Healthy
0.8583458123350745,Healthy
1.0108982537360138,Healthy
1.0022900428204944,Healthy
1.1297420519954686,Healthy
0.9055930893946359,Healthy
1.0117501775657516,Healthy
0.977283191285845,Healthy
1.0582973928588386,Healthy
1.4658458901885312,Healthy
0.8805226849954526,Healthy
0.9725990204950543,Healthy
1.0113903296273454,Healthy
1.1904093804847484,Healthy
0.977513908388744,Healthy
1.3597945907787405,Healthy
1.0229089963104814,Healthy
1.2194498779763618,Healthy
1.046499455926265,Healthy
1.379811081927147,Healthy
0.9736820259917289,Healthy
0.9860484440189343,Healthy
1.0933165376150424,Healthy
1.072463668033821,Healthy
0.8256483010113832,Healthy
1.0014978032789592,Healthy
1.1659129427319872,Healthy
0.8307462889924676,Healthy
0.7950115555680424,Healthy
1.2237995296434032,Healthy
0.8793967140381163,Healthy
0.7944871783945338,Healthy
0.9489512693930607,Healthy
0.8842932959411326,Healthy
1.0250454769942505,Healthy
1.1061470367095774,Healthy
0.935548508250665,Healthy
1.0151950950668627,Healthy
1.055790453339959,Healthy
1.095180080732527,Healthy
1.0615967631301715,Healthy
1.1102783692863798,Healthy
1.0501275934715397,Healthy
1.346829931389085,Healthy
1.144039259236937,Healthy
0.8682486351938581,Healthy
1.4093947017419013,Healthy
1.3689861465581015,Healthy
1.0350442129912298,Healthy
1.153555383992452,Healthy
1.2129267464871198,Healthy
0.8485110546881477,Healthy
0.8612808740153634,Healthy
0.8665017892737712,Healthy
0.9988370447549716,Healthy
1.1498326235216774,Healthy
0.9662793364645317,Healthy
0.8373860519779907,Healthy
0.909996230699841,Healthy
1.337821493363326,Healthy
0.8405644590597826,Healthy
0.8890525560636008,Healthy
1.1014308400329826,Healthy
0.8494804118199712,Healthy
1.0815524827742853,Healthy
1.0586574751697349,Healthy
1.1579491133716722,Healthy
1.0214259452726555,Healthy
1.208937163599663,Healthy
0.910836889522113,Healthy
1.0363103179787734,Healthy
0.7243841869796136,Healthy
0.8925443107569105,Healthy
1.2194298760435842,Healthy
0.9063861660715712,Healthy
0.7805428728199019,Healthy
1.3200835561894626,Healthy
1.1733665078908067,Healthy
1.1729201066220802,Healthy
0.9860583905796912,Healthy
0.9555450120435834,Healthy
0.7334856733367316,Healthy
1.3448083718751738,Healthy
0.9058986815751874,Healthy
1.1380503595018607,Healthy
0.770298177973997,Healthy
1.3329720647210654,Healthy
0.8578310630423222,Healthy
1.0264305052538178,Healthy
1.0196595511569029,Healthy
1.6432080099573925,Healthy
0.8981319696729101,Healthy
1.158588726137302,Healthy
1.1498332595768819,Healthy
1.2904327303072187,Healthy
0.9594230277678973,Healthy
1.2240458760942012,Healthy
1.082014318376612,Healthy
0.709440062692277,Healthy
0.9098148595752699,Healthy
0.77211324564808,Healthy
0.8653804233791479,Healthy
1.0491176345959583,Healthy
1.023881735202357,Healthy
0.945128684901263,Healthy
1.452523958786774,Healthy
0.7823250879767607,Healthy
0.8431470503736184,Healthy
1.4361876801791895,Healthy
1.0970435221019468,Healthy
0.7474232913626704,Healthy
0.9603173343436944,Healthy
1.5070088781774555,Healthy
0.9270177598498511,Healthy
0.8160093571567443,Healthy
0.8717998513743678,Healthy
0.8553173842474234,Healthy
0.9080272868612351,Healthy
0.9725142572149535,Healthy
0.9344239910668513,Healthy
0.9457928669638094,Healthy
1.1579502464816094,Healthy
1.2527069843238974,Healthy
1.2456469249107456,Healthy
0.9319003930471279,Healthy
1.1576684649212476,Healthy
1.2261954180340124,Healthy
1.1827509523415534,Healthy
0.8657679262154974,Healthy
0.8037468584886652,Healthy
0.8195220322103917,Healthy
0.7806635963131678,Healthy
1.0669094106329688,Healthy
0.8775933289197273,Healthy
0.891089460713941,Healthy
1.1153319364369247,Healthy
0.9349229290476452,Healthy
0.8714562191038863,Healthy
1.0669046382472755,Healthy
0.8202220757815267,Healthy
1.0269600946776738,Healthy
0.8646535292789485,Healthy
1.115346818832462,Healthy
0.7887140549603606,Healthy
1.0947227647582527,Healthy
0.9698585228165316,Healthy
1.1823480717520174,Healthy
0.9120912142172682,Healthy
1.065436917874436,Healthy
1.1404762301569626,Healthy
1.1353395239822097,Healthy
0.7762521298475075,Healthy
0.8461060027578979,Healthy
0.7924779518714746,Healthy
1.1885576796095059,Healthy
1.4411224979794441,Healthy
1.0751251357581604,Healthy
0.851020122141071,Healthy
0.7920461111820413,Healthy
0.7825398755043887,Healthy
1.0804388206646356,Healthy
1.2743165715701212,Healthy
1.147856999086105,Healthy
0.9857410655149954,Healthy
0.962584915404579,Healthy
1.4833035734616693,Healthy
0.96916643034368,Healthy
1.0466891273823171,Healthy
0.9259710436448206,Healthy
1.1676939368498744,Healthy
1.1826497638553266,Healthy
1.0755298446002899,Healthy
1.4012035985470908,Healthy
0.8586540511363577,Healthy
1.0670711244714473,Healthy
1.1174071737175817,Healthy
1.4071154452173615,Healthy
0.9469727741405727,Healthy
0.8166774005498438,Healthy
1.0344425147031002,Healthy
1.2518825126381359,Healthy
0.9686419666844671,Healthy
1.0082497841452756,Healthy
1.0886795815026762,Healthy
1.198872291459458,Healthy
1.2270060100659694,Healthy
0.9599419822486925,Healthy
1.1778141220047555,Healthy
0.9013670675743423,Healthy
0.7492845336808951,Healthy
1.0744982669200633,Healthy
1.0281907351869712,Healthy
1.185541480520484,Healthy
1.2361051684008706,Healthy
1.4443978125031316,Healthy
0.9175471758214447,Healthy
1.2586529420782997,Healthy
1.199958931415916,Healthy
1.030657541353994,Healthy
0.9928804164262109,Healthy
1.1140001933660106,Healthy
0.7495441099502511,Healthy
0.789155749182664,Healthy
1.2592542146654346,Healthy
1.0285511367080515,Healthy
0.9586627698573273,Healthy
1.3253176841065204,Healthy
1.08007305374691,Healthy
0.8519957926067108,Healthy
0.978166741668162,Healthy
1.088402767540826,Healthy
1.1440649088468262,Healthy
0.9956342738931263,Healthy
1.2178112795111258,Healthy
1.3323103282536388,Healthy
1.0705919350000057,Healthy
0.9773446782043977,Healthy
0.9395093234221059,Healthy
1.3516438613247856,Healthy
1.3298904294145328,Healthy
1.0294408401940742,Healthy
0.9820070864044531,Healthy
1.6046331793760475,Healthy
1.0514089101508755,Healthy
1.3742662656485143,Healthy
0.8546328601014535,Healthy
0.8133319177132434,Healthy
0.9690767652528465,Healthy
0.7045989168332634,Healthy
0.8427021211482825,Healthy
1.042843657770116,Healthy
1.6325389042257161,Healthy
0.8794244662507884,Healthy
0.9994107465504738,Healthy
0.9171959521551568,Healthy
0.9260927570902278,Healthy
1.027377947705796,Healthy
1.0895156474831142,Healthy
0.8692050338010421,Healthy
1.3930302801877885,Healthy
0.8635649131925452,Healthy
1.3455778447484805,Healthy
0.9395866375011911,Healthy
1.1181872130447619,Healthy
0.7418302973353965,Healthy
1.4039149021794657,Healthy
0.854812665843977,Healthy
1.6076735612682966,Healthy
0.799120016397488,Healthy
0.7887858051045202,Healthy
0.7338346024672461,Healthy
0.9333537845499411,Healthy
0.968398616587252,Healthy
0.8655086630450436,Healthy
0.8150995829872774,Healthy
1.224601934534901,Healthy
0.9910447763899051,Healthy
0.902275017178247,Healthy
0.9966992173762929,Healthy
1.000972881999588,Healthy
0.8460910492553122,Healthy
1.4012621646982235,Healthy
1.076480896201447,Healthy
1.1527676187852522,Healthy
1.03282219389235,Healthy
1.2388960913274305,Healthy
0.7953536117514295,Healthy
0.9396727442723208,Healthy
0.9382783084331763,Healthy
1.0998811666606847,Healthy
0.8137221181558066,Healthy
0.7224173603756545,Healthy
0.9424288983493936,Healthy
0.9742456847371259,Healthy
1.2189098740854407,Healthy
1.6643699226526492,Healthy
1.1087107867564605,Healthy
1.0595258099146805,Healthy
0.8068031853105827,Healthy
1.1308620974796406,Healthy
1.2806324466417884,Healthy
0.983617004680947,Healthy
0.8807762442369105,Healthy
0.9279502574860791,Healthy
1.070607524320464,Healthy
1.2272840510218768,Healthy
0.901195821456023,Healthy
1.1867930746113424,Healthy
0.7073509809301664,Healthy
0.8369017772335068,Healthy
0.8310081855515791,Healthy
0.9122166834601557,Healthy
0.984136524146229,Healthy
0.9836455916292002,Healthy
1.0987442456873475,Healthy
0.8845132650705694,Healthy
1.8413364869587956,Healthy
0.909847778562343,Healthy
0.9264523725822751,Healthy
0.8979220251454413,Healthy
1.2351429651594403,Healthy
1.0140372169090601,Healthy
1.2382567334614245,Healthy
0.8554622176906485,Healthy
1.0760416801132284,Healthy
0.9309345340777201,Healthy
1.0878875452851615,Healthy
1.0750504870212,Healthy
0.7114523108029438,Healthy
0.9602597051076008,Healthy
0.9028205858220048,Healthy
0.7926315124495955,Healthy
0.9153618272741996,Healthy
1.550213186528174,Healthy
1.19279160791357,Healthy
1.218530577916622,Healthy
0.9618962388913125,Healthy
0.9676295083542833,Healthy
0.9640614904394655,Healthy
0.8697030235775,Healthy
1.2365906773396145,Healthy
1.1443370562064243,Healthy
0.8730963964811131,Healthy
1.0321713559690169,Healthy
0.9562560254245435,Healthy
1.1408180427877412,Healthy
0.9320232534891753,Healthy
1.4220138659850476,Healthy
1.144933826170107,Healthy
0.8949744112402098,Healthy
0.9012326465007559,Healthy
1.199617216043835,Healthy
0.7987885396646142,Healthy
0.960921229876248,Healthy
1.1281666843323164,Healthy
1.100123416363244,Healthy
0.9869761062801637,Healthy
0.9043563327933092,Healthy
0.8829288857605029,Healthy
0.7051825347382404,Healthy
1.4213593353220602,Healthy
0.8252428003131402,Healthy
1.588265368392035,Healthy
0.9470163892488935,Healthy
1.3100929781453636,Healthy
0.8758826941109352,Healthy
1.1771818887244352,Healthy
1.0804272256862462,Healthy
0.92426390152923,Healthy
0.9001488820177812,Healthy
1.164244399674471,Healthy
0.928016204231982,Healthy
0.8061285710181758,Healthy
0.9178209817698507,Healthy
0.9284716150701541,Healthy
0.9244332457130078,Healthy
0.9638479782241797,Healthy
0.9473688376959087,Healthy
0.8819591307762901,Healthy
0.9417784849203499,Healthy
0.902447123054681,Healthy
0.871555742061039,Healthy
1.2000296424971268,Healthy
1.0480202904402336,Healthy
0.8443694007892157,Healthy
0.9968458720050354,Healthy
1.583134415385332,Healthy
0.9117083029687623,Healthy
1.3675972729322154,Healthy
1.657025500019875,Healthy
1.051130203394252,Healthy
0.9479068907145671,Healthy
0.8036153389097421,Healthy
0.9853009524366466,Healthy
1.3456033342539673,Healthy
1.1107475605787243,Healthy
0.9384865782763863,Healthy
0.8975064580190737,Healthy
0.8740032567093191,Healthy
0.8797569363073819,Healthy
0.9422083108685219,Healthy
1.1156425622615036,Healthy
0.8393744919905668,Healthy
0.9440144882821742,Healthy
0.9951223844134921,Healthy
0.8682971843196857,Healthy
1.2091238381273899,Healthy
0.7532134196374616,Healthy
1.099397509903132,Healthy
1.1704655478895178,Healthy
1.3301939856426306,Healthy
1.5335546422631523,Healthy
1.0625233145268487,Healthy
1.4621542478767102,Healthy
1.1708146389467884,Healthy
0.9677053849143074,Healthy
0.9471023538870235,Healthy
1.6168902239330376,Healthy
1.0354693449249743,Healthy
0.7485950080173857,Healthy
1.2727263110625406,Healthy
1.0706903639021537,Healthy
1.2705287113690642,Healthy
0.8979302885504375,Healthy
0.7781483710653578,Healthy
1.004125998214153,Healthy
0.8351307122608943,Healthy
1.1210064482648219,Healthy
1.0551346294931636,Healthy
0.8591266141764096,Healthy
0.8128303814743463,Healthy
1.1176807801650237,Healthy
0.9565992426382213,Healthy
0.88098278481286,Healthy
0.7096842482435661,Healthy
0.8081404717528275,Healthy
1.65761680286478,Healthy
1.0808710940414752,Healthy
0.8973282455221568,Healthy
1.2282684107849142,Healthy
1.1308794026449367,Healthy
0.8000770548554711,Healthy
0.8789288122219137,Healthy
0.739973577249574,Healthy
1.0672594515231455,Healthy
1.0334989369710914,Healthy
0.7657230660671639,Healthy
0.7610880418769611,Healthy
0.9308321636583475,Healthy
1.0017259652363664,Healthy
0.9458880964045701,Healthy
0.9328617588591874,Healthy
1.0495202680146811,Healthy
0.9787234539221734,Healthy
1.0368046897847694,Healthy
0.9724442493170273,Healthy
1.0752917322145221,Healthy
0.8741098300352533,Healthy
0.8321739913024518,Healthy
0.9425546948458641,Healthy
0.9563600829496992,Healthy
1.2092366616313754,Healthy
0.912697514272795,Healthy
1.0693737540135042,Healthy
1.2100128952943354,Healthy
0.8999291006201202,Healthy
1.0413195701947169,Healthy
0.9752979969901265,Healthy
1.071794611554813,Healthy
1.7179476890658192,Healthy
1.2537399082163845,Healthy
1.4646063128168905,Healthy
0.7615806527844221,Healthy
1.2877244953042066,Healthy
0.8990602735231062,Healthy
1.1010875751110643,Healthy
0.99983310916059,Healthy
0.9093184409960662,Healthy
1.04421839115476,Healthy
0.9646192793100689,Healthy
1.2878937957510674,Healthy
0.9372988843744068,Healthy
0.7199218715662364,Healthy
1.0118545210819891,Healthy
1.0178565875139844,Healthy
0.9134878591594399,Healthy
1.127031663949748,Healthy
1.026199710741056,Healthy
0.912136443527794,Healthy
1.0359443392857244,Healthy
0.7903505929449703,Healthy
1.0817956397941586,Healthy
0.846001113487259,Healthy
1.0430171248182107,Healthy
1.1819524846985003,Healthy
0.9743442896665073,Healthy
1.5444609313585498,Healthy
1.2038710888521333,Healthy
0.9564384912258341,Healthy
0.8282249589986346,Healthy
0.8901942925972209,Healthy
1.3206605459363605,Healthy
1.4997230846679825,Healthy
0.935029507668568,Healthy
1.0297049888122916,Healthy
1.1953016803869525,Healthy
0.9482863673222655,Healthy
1.6139366031698381,Healthy
0.9684922602959061,Healthy
0.8331935395882034,Healthy
0.840094212499262,Healthy
1.0134517919668387,Healthy
1.111046536421782,Healthy
0.817632807955405,Healthy
1.0462807168122992,Healthy
1.2086570278703996,Healthy
1.1154889224675084,Healthy
0.8685088556607595,Healthy
0.969976647478895,Healthy
1.0030647535260746,Healthy
0.7497748434693179,Healthy
1.2778191404270307,Healthy
0.8248117620632432,Healthy
1.160189231341353,Healthy
1.167827451726154,Healthy
1.588909557467645,Healthy
1.1419733408060846,Healthy
1.133151183454617,Healthy
0.9597007169693583,Healthy
0.8873953508178959,Healthy
1.249708535433329,Healthy
0.9686717104013227,Healthy
1.3074112491021488,Healthy
0.8982768394595791,Healthy
1.2451543245372303,Healthy
0.9111386003973129,Healthy
0.954926025203503,Healthy
0.8745423407766231,Healthy
0.967438991071367,Healthy
0.7723123487077519,Healthy
0.9018043090288642,Healthy
0.8302252320857973,Healthy
0.99378803903158,Healthy
0.9765044907082101,Healthy
0.9641132145154658,Healthy
0.8463672678181303,Healthy
1.3686376303713075,Healthy
0.8594144552067481,Healthy
0.951875539406392,Healthy
1.1628223682301515,Healthy
0.9508517017422948,Healthy
0.794363480235872,Healthy
0.8680753959266354,Healthy
0.9290009064021834,Healthy
0.9307827815164466,Healthy
1.1343369419246767,Healthy
1.1177260145699126,Healthy
1.4553594760818758,Healthy
0.9143190961313444,Healthy
1.433295816642311,Healthy
1.3089858733892643,Healthy
0.8634540117294219,Healthy
0.9337062700557067,Healthy
0.8810711759396826,Healthy
1.2948734644339686,Healthy
0.7726298737962985,Healthy
0.7884106367592612,Healthy
0.7459043338245822,Healthy
1.4899098694193436,Healthy
0.8614610040518333,Healthy
0.7612246728439888,Healthy
0.9572255977074442,Healthy
0.9027498161572356,Healthy
1.116797903628304,Healthy
0.8204164115891094,Healthy
0.8551045969514771,Healthy
0.885363446520033,Healthy
1.268662094750429,Healthy
0.8266055515884027,Healthy
0.8329886386420281,Healthy
1.025682704084672,Healthy
1.1509191774323633,Healthy
0.952837069317781,Healthy
1.0574417170949635,Healthy
1.0718741115148003,Healthy
1.0511530440868624,Healthy
1.3122287499754015,Healthy
1.2795403906455893,Healthy
0.7752621449633147,Healthy
1.2619232839495704,Healthy
1.5404226352900614,Healthy
1.1210982909172464,Healthy
0.746758491197794,Healthy
0.7778304003055501,Healthy
0.9370628714335045,Healthy
0.9697066636086964,Healthy
1.260324793465307,Healthy
0.9948533802375026,Healthy
1.1171792759128845,Healthy
1.1293904715992433,Healthy
0.9620241925302805,Healthy
1.285067813012396,Healthy
1.0314988650563348,Healthy
0.8453487874818993,Healthy
0.9794372460933692,Healthy
1.1268354914948904,Healthy
1.1906640617747672,Healthy
1.4893735504976364,Healthy
1.1587038799699814,Healthy
0.8472475501941311,Healthy
1.1115756901227145,Healthy
1.143695374633785,Healthy
1.5209545886233236,Healthy
1.5731809037304383,Healthy
1.26879187025881,Healthy
1.6499884217574954,Healthy
0.831386221762548,Healthy
0.9029627654433958,Healthy
0.8644073787898157,Healthy
1.2276845883814422,Healthy
1.175113051786452,Healthy
1.3558154856986933,Healthy
0.7889524708605442,Healthy
0.85855469513272,Healthy
0.9178455216020716,Healthy
1.01917272779037,Healthy
0.9324210520945415,Healthy
1.1116417503967964,Healthy
1.0145687710795608,Healthy
1.2014561723609638,Healthy
0.8891310724284351,Healthy
1.418903058946448,Healthy
1.381669173919222,Healthy
0.9073843624573876,Healthy
1.1578979744895765,Healthy
0.9735962567904771,Healthy
0.9314578032693881,Healthy
0.829840251795647,Healthy
0.8796482962948838,Healthy
0.800446741084034,Healthy
1.2163293320972355,Healthy
1.1406869567668407,Healthy
0.731585671402555,Healthy
0.9178227876189126,Healthy
1.047242629458416,Healthy
0.9598212148393425,Healthy
0.9679183184996876,Healthy
1.224147649706011,Healthy
1.021629596051991,Healthy
0.816982310427121,Healthy
0.9440170452071673,Healthy
0.9241945914658632,Healthy
0.8589400186882467,Healthy
0.8222155319151263,Healthy
0.8884271735110113,Healthy
1.2258220383445224,Healthy
1.3075894903899343,Healthy
1.138160337482356,Healthy
1.2087267925357257,Healthy
0.9398179478540282,Healthy
1.0109181147769368,Healthy
1.2397264366875322,Healthy
0.7810925692867983,Healthy
0.9043949179784954,Healthy
1.307000617388398,Healthy
0.8292068169906163,Healthy
1.2380690926568783,Healthy
0.9791746086161524,Healthy
0.8123092461236708,Healthy
1.0304222684763944,Healthy
0.8820041483201538,Healthy
1.4393466004735422,Healthy
1.1145317410541893,Healthy
0.8249167843676729,Healthy
0.8971411035598721,Healthy
1.2409742579348488,Healthy
1.0876751986906634,Healthy
1.895922153532702,Healthy
1.0430612598898046,Healthy
1.0384050325636967,Healthy
1.002000218325701,Healthy
0.9719266818874069,Healthy
1.4284475565732755,Healthy
0.8858359562067987,Healthy
1.1362125123974587,Healthy
1.1313638843768612,Healthy
1.0385313801755167,Healthy
1.8464768177504445,Healthy
0.8843205724006619,Healthy
0.957978029406184,Healthy
1.188881630709422,Healthy
1.0376185484953548,Healthy
1.4709685968743906,Healthy
1.0976632107480406,Healthy
1.195365702639082,Healthy
0.8769782978261549,Healthy
1.1228830311732596,Healthy
1.1210895631696745,Healthy
1.0282531474415866,Healthy
0.8433546241970002,Healthy
0.8632822012768554,Healthy
1.3558670872752536,Healthy
0.9133096372124971,Healthy
1.1745176692118804,Healthy
0.8721450436504519,Healthy
0.990105582712954,Healthy
0.8121811979604685,Healthy
1.1884078021051059,Healthy
1.1308436083221745,Healthy
0.8978633211657365,Healthy
0.8627224967632161,Healthy
0.8787420913114611,Healthy
1.0343899268149324,Healthy
1.2076346981736719,Healthy
1.1129299080774755,Healthy
1.4130835416159564,Healthy
1.039335863111711,Healthy
1.446638296508115,Healthy
0.9540483684794376,Healthy
0.8409359176259829,Healthy
1.1812507178004295,Healthy
1.1159420182821085,Healthy
1.387493266056092,Healthy
1.173918345345845,Healthy
0.8801440840367185,Healthy
1.1327483014396222,Healthy
0.8411496075793524,Healthy
1.0055086005245957,Healthy
0.8188758053955254,Healthy
1.1197986065913097,Healthy
1.1477866271208588,Healthy
0.8702722815183149,Healthy
1.2305418936762476,Healthy
1.1710647770846767,Healthy
1.1291657165220623,Healthy
1.024109332392756,Healthy
1.005623691898486,Healthy
1.0301567648554233,Healthy
1.2465339226022503,Healthy
0.8289790894298897,Healthy
0.982932945422752,Healthy
1.3427380730002296,Healthy
1.20731144503935,Healthy
1.1778395741315328,Healthy
1.0188201920952416,Healthy
0.9040041906892277,Healthy
1.2301853318532283,Healthy
0.9052063027927025,Healthy
1.051524418987214,Healthy
0.9036294079747398,Healthy
1.7948260525095292,Healthy
1.0676277857580612,Healthy
0.9778219102392715,Healthy
1.0454910780367375,Healthy
1.0635183087616176,Healthy
0.9356300085899042,Healthy
1.18065961501428,Healthy
1.3177779900603621,Healthy
0.8752737804916104,Healthy
0.992478660969481,Healthy
0.9491490268397901,Healthy
1.1023028604361584,Healthy
1.3011154212063152,Healthy
0.9553457883540872,Healthy
1.0732011521431315,Healthy
0.7693925358338921,Healthy
0.7712771523044734,Healthy
0.9699134974308136,Healthy
0.9240443793729306,Healthy
0.9618407623377891,Healthy
0.9638133750133471,Healthy
1.0678430273341581,Healthy
1.1455252458554979,Healthy
1.3302773025985537,Healthy
0.8578911093625435,Healthy
1.1074500218229268,Healthy
1.0628479617451438,Healthy
1.149571113420278,Healthy
1.1257984347533931,Healthy
1.4013770778494514,Healthy
0.9405540963281225,Healthy
1.2277012708902943,Healthy
1.084873596353437,Healthy
1.1178499729438005,Healthy
1.0591935141274689,Healthy
1.5856547222959627,Healthy
0.8313659705053311,Healthy
1.2011398671115046,Healthy
0.8519066797788327,Healthy
0.6946711292306919,Healthy
1.0559094740836308,Healthy
0.958215641467481,Healthy
1.016766040627693,Healthy
0.8559748560381031,Healthy
0.9527064067504813,Healthy
1.0921135960622466,Healthy
0.9075319191587147,Healthy
0.9643859019051301,Healthy
1.4198480100206283,Healthy
1.3262697951139766,Healthy
0.8483201787668043,Healthy
1.5598694058200016,Healthy
0.8845206560743785,Healthy
1.1091688202629784,Healthy
1.0737819404593714,Healthy
1.0356855986717153,Healthy
0.9466402143493879,Healthy
1.3181920743007178,Healthy
0.9526680508857329,Healthy
0.8614240314336276,Healthy
1.0063322494312388,Healthy
0.9873863328472606,Healthy
1.1081250075074367,Healthy
1.2264370114952188,Healthy
1.1946940657221243,Healthy
1.2436765967253052,Healthy
1.0304644506045697,Healthy
1.2980577407147293,Healthy
1.2824608358863445,Healthy
0.798985747572491,Healthy
1.5074500017177983,Healthy
1.0203595291560703,Healthy
0.8723567192318902,Healthy
0.8562689454682313,Healthy
1.0087977701970308,Healthy
1.1863105308177708,Healthy
0.7428124680965614,Healthy
1.0912090767592464,Healthy
1.0364399680685144,Healthy
1.1537966498171308,Healthy
1.3318641188273697,Healthy
1.2438688740614416,Healthy
0.933779802914163,Healthy
1.0780937784287496,Healthy
0.7629008458212511,Healthy
1.0596327931120577,Healthy
1.392018185623559,Healthy
0.9516208938612344,Healthy
1.1288450961874015,Healthy
0.7642783270525356,Healthy
1.0515442517599631,Healthy
1.1749511060839508,Healthy
0.835048551216793,Healthy
1.0001259631547006,Healthy
1.2312709957727286,Healthy
0.9611138810853008,Healthy
0.7442748649003316,Healthy
0.9461150820685169,Healthy
0.9452077866403619,Healthy
1.0302624034394878,Healthy
1.0239787013217665,Healthy
1.1068981687748798,Healthy
1.187295211261339,Healthy
1.3605062188481925,Healthy
1.0493500953795134,Healthy
1.0782369961674527,Healthy
0.868227455177567,Healthy
0.7474383997712724,Healthy
1.1839243257010907,Healthy
1.0533060781248675,Healthy
1.007782366002251,Healthy
0.7514644861669318,Healthy
1.0963128691514157,Healthy
1.5558709952324798,Healthy
1.0130451993744314,Healthy
0.7516536641699046,Healthy
1.1856955103718572,Healthy
0.9490629073854829,Healthy
0.8681902540549961,Healthy
1.056818840353343,Healthy
0.9422759464040735,Healthy
1.066714918067469,Healthy
0.8328818454411253,Healthy
1.1122828800088058,Healthy
0.9052935574602109,Healthy
0.9686849879349886,Healthy
0.9237699185378754,Healthy
1.0700726259261315,Healthy
1.006978821849024,Healthy
1.0417974580193348,Healthy
1.1981261205623428,Healthy
0.8846944297233322,Healthy
1.155790809684617,Healthy
1.1712694737079123,Healthy
1.8470540632611985,Healthy
1.0894284425076757,Healthy
0.9849218134377674,Healthy
0.8380911049318754,Healthy
1.1208907364520257,Healthy
0.7615335227007958,Healthy
1.4558795877041348,Healthy
0.8054456599455994,Healthy
1.0639641063222554,Healthy
0.9790043432532659,Healthy
0.8571197809261554,Healthy
0.9325313158901358,Healthy
0.9680967058209777,Healthy
0.8614515601491866,Healthy
0.9859862295881273,Healthy
1.045923039256558,Healthy
0.8650250384395047,Healthy
1.0461733093670573,Healthy
1.0877423182166475,Healthy
1.199977987148518,Healthy
1.1384317847226593,Healthy
0.8657448892946782,Healthy
1.313139831221324,Healthy
1.014013835190951,Healthy
0.863618885275983,Healthy
0.789293806664008,Healthy
1.1896391835919105,Healthy
1.0917196631502801,Healthy
0.882494569411336,Healthy
0.863265188988037,Healthy
1.2223417622210904,Healthy
0.8436691908633436,Healthy
1.0235425103036362,Healthy
0.9651475913892684,IPF
1.2289784538614126,IPF
0.7662148900456015,IPF
0.9261692807056175,IPF
0.8377885427901561,IPF
0.7781805979940332,IPF
1.3646050731663966,IPF
0.8981961401526862,IPF
0.9837648785858901,IPF
1.1673785255677305,IPF
1.0912251274018627,IPF
0.9769094797889114,IPF
0.9191442130689668,IPF
1.1186035224074051,IPF
0.9123054625517764,IPF
1.3118708529475136,IPF
0.8931099613584865,IPF
1.344630858333657,IPF
1.006248335553091,IPF
1.2031677096624418,IPF
0.7647048254170093,IPF
1.2514370031011401,IPF
1.430125610028527,IPF
1.4361376818782494,IPF
1.0197386251213254,IPF
1.1168756772550636,IPF
1.1496766109769057,IPF
0.8251197591647216,IPF
1.1061940082204431,IPF
0.9194118335458048,IPF
1.100298174010142,IPF
1.247393676233306,IPF
1.138955033417083,IPF
0.8016106046903242,IPF
1.3525794384857024,IPF
1.0963092135437225,IPF
1.3386740379267104,IPF
1.283496553521915,IPF
0.8198507768778689,IPF
1.5066378729138494,IPF
1.271831912915309,IPF
1.3956283127832887,IPF
1.747482287260926,IPF
0.9371712923451639,IPF
0.8916594070180481,IPF
1.351617217333655,IPF
0.9811621920451895,IPF
1.1484580492491,IPF
0.9133407392020524,IPF
1.1004048567815488,IPF
0.9316541659622387,IPF
0.9650392795381734,IPF
1.119421069474785,IPF
0.9600701478452068,IPF
1.1743322442614832,IPF
1.015741191500636,IPF
1.0378265106118907,IPF
0.887978114769337,IPF
0.8061561482177747,IPF
0.9433883025475488,IPF
0.9966588194489949,IPF
0.8381215514384729,IPF
1.3564389033651416,IPF
1.0276360740714217,IPF
0.9357471160301042,IPF
1.2014611043111316,IPF
0.7886668532695869,IPF
0.8862793915188067,IPF
1.24418563772962,IPF
1.178505349206104,IPF
1.3346772666794264,IPF
0.9287426895456482,IPF
0.9832162792295753,IPF
1.5792383743326064,IPF
0.9119136838660948,IPF
0.8408300130734898,IPF
0.8818142110123242,IPF
0.9960617126432612,IPF
0.910154959329007,IPF
0.9603937789125236,IPF
1.0418254984522346,IPF
1.1404883884001262,IPF
0.9458763454071056,IPF
1.0296875907056486,IPF
0.9864359173855325,IPF
0.8653688098828901,IPF
1.1918474400126566,IPF
0.7572043456927215,IPF
1.179716988562654,IPF
1.124277801900728,IPF
1.0504302323534493,IPF
0.9877788459325241,IPF
1.1028523786721776,IPF
0.9824026793823495,IPF
1.0561275843132745,IPF
0.8322794226435803,IPF
1.5237975277598794,IPF
1.1310347750569947,IPF
1.023177788472628,IPF
0.796958990225813,IPF
1.0512342190377137,IPF
1.0270577283935576,IPF
0.972287434684229,IPF
1.2988714317827825,IPF
0.9050034209697201,IPF
0.9834418338018773,IPF
0.964810407555662,IPF
1.414594796767418,IPF
0.7455132544690274,IPF
1.242913872535208,IPF
1.0551096461931382,IPF
0.9310586692205928,IPF
1.6569459690197872,IPF
0.9345668176366017,IPF
1.0979690431749436,IPF
1.0957306845134498,IPF
0.8630218433232653,IPF
1.514172126222623,IPF
1.0550156317685957,IPF
0.8531240584545511,IPF
1.0296654143606225,IPF
1.0008581290526075,IPF
1.074225192802146,IPF
0.9505186864656402,IPF
1.198423066272137,IPF
1.1495568001085692,IPF
1.8484845834057724,IPF
1.5176830071208656,IPF
1.4733359864421058,IPF
1.064399642919583,IPF
0.987250593274466,IPF
1.1683239815434148,IPF
1.0972325475532845,IPF
1.3589845121179789,IPF
0.8110117385420722,IPF
1.1097131907930453,IPF
1.1589877588588735,IPF
1.0455739928031496,IPF
1.3157893343354607,IPF
1.7254004249389578,IPF
0.7580429929312441,IPF
1.9350003203769055,IPF
1.8257400791526606,IPF
1.2404603359998996,IPF
0.9621269700453109,IPF
1.1185261906760204,IPF
0.8018007509817309,IPF
1.1025699730783178,IPF
1.1503898360699933,IPF
1.0565311769501287,IPF
1.1334444373822539,IPF
1.158895528327598,IPF
0.816757192674465,IPF
0.8580426256148981,IPF
1.1561819323017541,IPF
0.8512221802079232,IPF
1.4348542294679343,IPF
0.9754064422550274,IPF
0.8233043869811002,IPF
1.8436118037607863,IPF
1.0974377327050806,IPF
1.3398595454061824,IPF
1.194860577627416,IPF
1.0296845640272876,IPF
0.807024679379777,IPF
1.120403126912755,IPF
1.0923693878452583,IPF
1.3001030378820342,IPF
0.7572969902356058,IPF
0.8171646297332091,IPF
1.1415620929817158,IPF
1.0588428652543205,IPF
0.827865888043199,IPF
1.066773118475804,IPF
1.1401659572872005,IPF
0.9007887198417355,IPF
1.0959354461173973,IPF
1.2533104340705261,IPF
0.8447674675229436,IPF
1.0490575883218873,IPF
1.3432506418131849,IPF
0.981499811364264,IPF
0.8622405380100033,IPF
1.4398093746861782,IPF
1.1456698754030528,IPF
1.174394685851305,IPF
0.9381369221998302,IPF
0.9126645051552729,IPF
0.790128912560281,IPF
1.02263293577044,IPF
0.8716452054742931,IPF
1.306696479573347,IPF
1.0731627303889093,IPF
0.9210687463203773,IPF
0.9375996801952421,IPF
1.0921404498242198,IPF
0.9449286831889122,IPF
1.0997870333537967,IPF
1.4047655545609707,IPF
1.083608566563395,IPF
1.296111118726212,IPF
1.0673464632314802,IPF
0.8726028189314438,IPF
1.2969250022427388,IPF
1.730543138539683,IPF
1.087177248656941,IPF
0.9167518968493048,IPF
0.8823589706549945,IPF
0.9152710433472048,IPF
0.9538332477374101,IPF
1.0920027277288147,IPF
0.9823722967074969,IPF
1.0097928995721601,IPF
0.9231347187153337,IPF
1.075732235484631,IPF
1.0610336054065188,IPF
0.9205217274513428,IPF
1.3809976773874004,IPF
1.2162175515836418,IPF
1.0908916728106268,IPF
1.1743654689120684,IPF
1.1558027711295054,IPF
0.9211319817158615,IPF
0.8493724110252613,IPF
1.2398882924861396,IPF
1.0654488867845675,IPF
0.8854510689702197,IPF
1.0906161066850175,IPF
1.5214558084088177,IPF
1.2698536428966969,IPF
1.248986807273574,IPF
1.356797173719361,IPF
1.2267778524902222,IPF
0.8364455884250702,IPF
0.8391199467826661,IPF
1.2627902884657927,IPF
1.2333763960077753,IPF
1.2808053088565001,IPF
0.9346072312595974,IPF
0.9370510977614455,IPF
1.1064485672531459,IPF
0.9151541730093538,IPF
0.8705988474991416,IPF
0.9324716074701693,IPF
0.890558770476235,IPF
1.3363657292353948,IPF
1.2025848393305545,IPF
0.9022737443060129,IPF
1.235995850649307,IPF
1.1710174680891083,IPF
1.3070669901493197,IPF
0.9213259439150006,IPF
0.9238591422489316,IPF
1.1849481453397273,IPF
1.221251871775445,IPF
1.257556035218143,IPF
0.9470796247524813,IPF
1.3889908740845935,IPF
1.1706050938934867,IPF
1.2811195072389239,IPF
1.1974880795658565,IPF
1.102800889210859,IPF
1.135050963564219,IPF
1.0531590970049078,IPF
0.7523632211093394,IPF
0.9738710916509201,IPF
0.826144257136733,IPF
1.203246001908217,IPF
1.07230427650111,IPF
1.0128732133019345,IPF
1.024700071037534,IPF
0.778397461255225,IPF
1.274884702495674,IPF
1.0655543819671487,IPF
0.8781055211216248,IPF
1.1108559356968557,IPF
0.8127715158973225,IPF
0.9443504439714032,IPF
1.4733125541837846,IPF
0.928082724423421,IPF
1.1842662347809743,IPF
1.1798367549096513,IPF
1.28248663637808,IPF
1.1822043327083556,IPF
0.9628126934457829,IPF
0.9487429507608002,IPF
0.8886649677076608,IPF
1.0610243450613384,IPF
1.1683164756096391,IPF
1.4137468059670857,IPF
0.824929600078051,IPF
1.164620257560579,IPF
0.9358488990469547,IPF
1.1990397679215745,IPF
0.8734414438410929,IPF
0.9582353719976586,IPF
0.8591395201864361,IPF
0.8596043759929571,IPF
0.997992376465032,IPF
1.0509352688396396,IPF
0.8072168309266999,IPF
1.0037772060999028,IPF
0.8152577686888061,IPF
1.353345181461555,IPF
0.938501930752983,IPF
1.1878673997461282,IPF
0.9379570240116157,IPF
1.0496368114510242,IPF
0.7508910721087478,IPF
1.2361429085848403,IPF
0.8219162936079837,IPF
0.7881598779377502,IPF
1.2169675475073352,IPF
1.2112110020949278,IPF
0.9069084669067492,IPF
1.0365465537480223,IPF
0.9759986844469942,IPF
0.8458360589980993,IPF
0.910258568650138,IPF
1.259167341415882,IPF
0.8496779763750177,IPF
1.1968361953299456,IPF
1.017147357994428,IPF
1.1333717972212076,IPF
0.7530746995715533,IPF
1.2957262036852684,IPF
1.164066880214922,IPF
0.8420343076427037,IPF
0.7700391177477359,IPF
1.2788961316426248,IPF
1.0122248063034267,IPF
0.9105662860863835,IPF
1.1190386996287123,IPF
1.1671451616579196,IPF
0.9127099358745917,IPF
1.1234046024926985,IPF
0.8170170232727836,IPF
1.3114979183478603,IPF
0.8588587895696295,IPF
1.0752998616878489,IPF
0.8994353979139993,IPF
0.8059668647001051,IPF
1.0942277776258036,IPF
1.31216612564081,IPF
1.2821629185073562,IPF
1.1724929643943,IPF
0.9295299468741959,IPF
0.9627077353481264,IPF
1.0658646331494526,IPF
0.8222234721955127,IPF
0.9139900119036605,IPF
1.1918420907406124,IPF
1.0135387711504316,IPF
1.34626874159145,IPF
1.421883006546676,IPF
0.8130519323100752,IPF
0.9260507291862565,IPF
1.372170149356192,IPF
1.6902575189067646,IPF
0.860353759663182,IPF
0.9773908733204235,IPF
1.057698188474764,IPF
0.9246854276973635,IPF
0.7256852431421954,IPF
1.265637921089129,IPF
0.975949353511575,IPF
1.1519159920773818,IPF
0.9397944286881902,IPF
1.6313903335155437,IPF
1.1000973230848914,IPF
0.8968439079003011,IPF
1.029932111655655,IPF
1.2440944544293844,IPF
1.2092021891944489,IPF
1.0641857727073907,IPF
0.9113379874818863,IPF
1.0398608876548743,IPF
1.1956332671825483,IPF
1.0656886026674914,IPF
0.9772810981724811,IPF
0.9640420244722854,IPF
0.9509366012777031,IPF
0.9653438008470081,IPF
0.8848607781283339,IPF
1.3989986701517978,IPF
0.9358378296603937,IPF
0.9610787799472064,IPF
0.9657153468322641,IPF
0.9234693966794093,IPF
0.9380934121691535,IPF
1.0353411954573748,IPF
0.856953529792876,IPF
0.8059438691858328,IPF
0.8749552713327546,IPF
1.100929270926336,IPF
1.3637709390446324,IPF
1.0697972189807334,IPF
1.036626613081756,IPF
1.0714560737520047,IPF
1.267131063567814,IPF
0.874788865152068,IPF
1.2973727553061662,IPF
1.4635677018475848,IPF
1.2232235790989636,IPF
1.1139218605843952,IPF
0.7907651609380024,IPF
1.0297839491683012,IPF
0.9684121373795717,IPF
0.9022589840358042,IPF
0.9601655658947349,IPF
0.8713778250526899,IPF
0.8793928274131433,IPF
0.9973262846674051,IPF
0.9370407622427319,IPF
0.8697820496011159,IPF
1.0131588458193934,IPF
1.0631271409867034,IPF
0.9816157718055274,IPF
0.9419101486225848,IPF
1.1748462664834909,IPF
0.901327979100229,IPF
0.8485412662008419,IPF
1.023901410701793,IPF
1.0168039338448152,IPF
0.8040938364318151,IPF
0.965332565859138,IPF
0.840517914216808,IPF
1.0257805736742358,IPF
1.125847561245681,IPF
1.5869523450217404,IPF
1.1063454573848925,IPF
0.807659520610046,IPF
0.7997461608138304,IPF
1.3026660647397146,IPF
0.8948002955449416,IPF
1.1818136071218264,IPF
0.9677442548538971,IPF
0.9835940982622738,IPF
0.9775891375905605,IPF
1.3137453960296936,IPF
2.2025670966252497,IPF
0.9223990826160905,IPF
0.8344183730224727,IPF
0.7284208860788968,IPF
0.8375165037132193,IPF
1.1449114857375782,IPF
1.1200761210509453,IPF
1.5086083539832822,IPF
1.4124850589398046,IPF
0.7326570163841579,IPF
1.215615464866274,IPF
1.1236211047732005,IPF
1.3152624497279242,IPF
0.9964533240712822,IPF
0.9066052078759836,IPF
1.3913193914927646,IPF
0.8634489078125321,IPF
1.1199070452639954,IPF
0.9643578954614043,IPF
0.837825098511191,IPF
0.8382032627201852,IPF
1.0600273024124223,IPF
0.9438498634082261,IPF
0.8657676119871748,IPF
1.0214612768420173,IPF
0.8588205806462682,IPF
0.9748767097433453,IPF
1.0866008351833052,IPF
0.94046120277899,IPF
0.9740909033476018,IPF
0.9529834839601662,IPF
1.0227918406193313,IPF
1.0196268181323984,IPF
0.9179114562857145,IPF
1.0334500460521316,IPF
0.7671625576725225,IPF
0.8473207181815132,IPF
0.7252784295198501,IPF
1.1372802704823743,IPF
1.20648930688825,IPF
1.0882120568421207,IPF
1.1970597718038762,IPF
0.8920362767940687,IPF
0.856208314178499,IPF
1.0895737102205338,IPF
0.977603228012264,IPF
0.9378522046602195,IPF
1.4992795257568738,IPF
0.9823293573213357,IPF
0.8058404135772832,IPF
0.9289709613397034,IPF
1.106243913216443,IPF
1.2396440509251183,IPF
0.9519042501208737,IPF
0.7662030507344268,IPF
1.3429966742731663,IPF
0.9413798687983841,IPF
1.153068749149699,IPF
0.9085873875648697,IPF
1.1056662123935845,IPF
1.224488904382523,IPF
0.8971345125982759,IPF
0.9242827572409146,IPF
1.3878942400104881,IPF
0.8625837671494976,IPF
1.1547855961923115,IPF
0.944063210187935,IPF
1.2509443365833974,IPF
0.9415800397599758,IPF
1.0328536415438103,IPF
1.2307221741382128,IPF
0.7320076331922368,IPF
1.144718374621747,IPF
0.9543816005071251,IPF
1.003542930365366,IPF
1.277726029898256,IPF
0.9707312539096395,IPF
0.8334759393144561,IPF
1.069849067078232,IPF
0.812424696046237,IPF
1.3744885545320937,IPF
0.9475525132817368,IPF
0.8996640928059064,IPF
1.2150255685927038,IPF
1.238084726601684,IPF
1.3149028709275732,IPF
1.2369930282802306,IPF
1.1538839749286955,IPF
1.4456925640319456,IPF
1.1312055882660086,IPF
1.143618368629222,IPF
1.0764898486052956,IPF
0.9881213614140881,IPF
1.138536449478893,IPF
1.2392330543092336,IPF
1.4112416392892804,IPF
1.0617875552131917,IPF
0.9845198826981876,IPF
0.8473038095705141,IPF
0.8399520255532046,IPF
1.181498051683236,IPF
1.1349272033414008,IPF
0.869988771188463,IPF
1.2380063274105721,IPF
1.321369337006331,IPF
1.1130760859785693,IPF
0.7469288246335657,IPF
0.9985503155103163,IPF
1.0476823131605788,IPF
0.8480633475189603,IPF
1.722036092358163,IPF
1.0934190062578193,IPF
0.9003628625197436,IPF
1.3913111787432546,IPF
0.8562949458481792,IPF
0.8826950189966842,IPF
0.9932701011067155,IPF
0.9955496095374088,IPF
1.0518414256993436,IPF
1.4334149381557773,IPF
1.022343517982637,IPF
1.146786968858301,IPF
0.8417590840931803,IPF
1.0943466588124273,IPF
1.487529759059442,IPF
0.9076236002995739,IPF
1.2550490745330642,IPF
1.359417217822503,IPF
1.3027198055141753,IPF
0.8627728611052684,IPF
1.0878261527311566,IPF
0.8190625088944867,IPF
1.180347572530041,IPF
1.6287181651051876,IPF
0.9753574805042826,IPF
1.0435229364926921,IPF
0.7359206206463256,IPF
0.8618505293900909,IPF
1.1619817246536226,IPF
1.1704940417984038,IPF
1.0391721741357163,IPF
1.2076390303695748,IPF
1.113567344183556,IPF
0.7378409811573949,IPF
0.8569047639340623,IPF
1.1259805408373702,IPF
0.9567203686687145,IPF
1.0614616767540674,IPF
0.9497432663856823,IPF
1.0518538950165428,IPF
1.8526110658536665,IPF
1.3201525765276818,IPF
1.5017595897625293,IPF
0.7211900343005473,IPF
0.9306351259295608,IPF
0.8365947497844645,IPF
0.8499822934573343,IPF
1.0665094792365197,IPF
0.7790397600688643,IPF
1.0470350094668135,IPF
1.0400676571749827,IPF
0.958218786709819,IPF
1.3083083412155687,IPF
1.2546107190781102,IPF
1.5288807360043037,IPF
1.1142053253193331,IPF
0.8039421899894587,IPF
1.1630732564299167,IPF
1.1939137822971835,IPF
1.0736656691296655,IPF
1.3942000923294953,IPF
1.032463966642163,IPF
0.8050956408532318,IPF
1.206708588631749,IPF
1.6431739058979387,IPF
1.2140041126449814,IPF
0.8999388724748857,IPF
1.0432087090154223,IPF
0.9621088631033997,IPF
1.0334353530352307,IPF
0.9588540312476569,IPF
0.9391374394706439,IPF
1.0278756136321798,IPF
1.5362413629291338,IPF
1.0693415568737012,IPF
0.9079802061666515,IPF
0.9091547091878007,IPF
0.982583521510733,IPF
0.8584485373628137,IPF
1.2876786576520023,IPF
1.1200832713031377,IPF
0.8758827943712205,IPF
1.0633576367878281,IPF
0.9997013707915783,IPF
0.8813050277455007,IPF
0.9947032426665134,IPF
1.3290469047297837,IPF
1.20740690304065,IPF
0.8829696696748076,IPF
0.9229230360620394,IPF
1.004937791397679,IPF
0.7084117645537824,IPF
1.0877885458465582,IPF
1.2216989308984492,IPF
1.0070413063381896,IPF
1.1693788116953086,IPF
1.4075569505461043,IPF
1.2502535774732302,IPF
1.0514415228213356,IPF
1.2616247284979032,IPF
1.1348616999744237,IPF
1.0786189159876154,IPF
0.7744898988578378,IPF
0.937770973056471,IPF
1.236993843560371,IPF
1.1403743523454253,IPF
1.1238170945377652,IPF
1.1211469105788738,IPF
1.0295130303600657,IPF
0.9153278191189019,IPF
0.8329276798265093,IPF
0.8805045932324381,IPF
0.911315362155298,IPF
1.001132659673719,IPF
1.325835100179195,IPF
1.3098058295497887,IPF
1.3147251848985497,IPF
0.8294149088867185,IPF
0.9363238999385867,IPF
0.9343238054760805,IPF
1.3068892518422768,IPF
0.8918034684876119,IPF
1.3029870398875223,IPF
0.8382258705449426,IPF
0.8273674443574773,IPF
0.97489611566021,IPF
0.976879352104719,IPF
1.465703311098411,IPF
1.0038841116656438,IPF
1.172997256395436,IPF
1.0141136452278225,IPF
0.9359986732819274,IPF
0.8631291368323356,IPF
1.0380241070953555,IPF
1.170106000215443,IPF
0.9319211808941126,IPF
1.5251490056476777,IPF
1.161310970318702,IPF
1.241084998361758,IPF
1.0722189701363392,IPF
1.125245085853462,IPF
1.0221145378268215,IPF
1.2019714637463075,IPF
0.9671922086007794,IPF
0.8620710334983261,IPF
1.1774737124825425,IPF
0.8608546823151252,IPF
1.41507424675708,IPF
0.9675530743580676,IPF
1.0645271961038314,IPF
1.1912168059056838,IPF
0.8728968462361989,IPF
1.0276102840831816,IPF
1.3999332612848328,IPF
1.5828467448663817,IPF
1.1291124975897204,IPF
0.9718468491662469,IPF
1.4727241671791569,IPF
1.0808525646281018,IPF
1.0856026511544559,IPF
1.1601920123292262,IPF
1.1342054026953312,IPF
1.5129699079736236,IPF
1.1288493124082315,IPF
1.1174128769591216,IPF
0.8090421766143228,IPF
1.3970580899130591,IPF
1.0555844886092656,IPF
1.0454101386408952,IPF
0.9628163189564514,IPF
0.8826898387508356,IPF
1.5584869883255152,IPF
1.2032977746246192,IPF
1.1576196963851897,IPF
1.1087627612174498,IPF
1.0535835281200427,IPF
1.3701847539969167,IPF
0.7508259748425727,IPF
0.9153962142716113,IPF
0.9616890749959682,IPF
1.2981061774121319,IPF
1.129393000767925,IPF
1.2113514515569561,IPF
1.1152647424667363,IPF
0.9158584219484397,IPF
1.1391834460341332,IPF
1.1903539333065059,IPF
0.7588132243298301,IPF
0.7960026539641304,IPF
0.7245133390287677,IPF
1.0092166221750902,IPF
1.1008807392410154,IPF
1.3291118677216014,IPF
1.0332789518907053,IPF
1.1220413112826464,IPF
0.9760287907565921,IPF
1.453949293461132,IPF
0.9105481467023958,IPF
0.775706115281274,IPF
1.0510260321982492,IPF
1.1747792867442353,IPF
0.9479594233889324,IPF
1.0079033221293794,IPF
1.0044860727350302,IPF
0.9396195468153636,IPF
0.7419888670288266,IPF
1.0247968019646685,IPF
2.293056833538282,IPF
1.0736611190361454,IPF
1.23947190923807,IPF
1.0287427490201404,IPF
1.0166057406887432,IPF
0.86250798096613,IPF
0.935188579595907,IPF
0.9137234809574669,IPF
1.0053255663956409,IPF
1.1059852477667322,IPF
1.4096790863495907,IPF
1.4283634685022406,IPF
1.3246999758389404,IPF
1.0064016838674252,IPF
1.1250874400047508,IPF
0.7967863027772405,IPF
1.9463388403832365,IPF
0.8676328092587978,IPF
1.023139692190162,IPF
0.8726859475252089,IPF
0.9957693080398995,IPF
1.1486638979208825,IPF
1.0583689214784084,IPF
0.9536047948329054,IPF
0.968106154316919,IPF
1.165825167150431,IPF
0.9056997390574801,IPF
1.278217318845647,IPF
0.7383480737990121,IPF
0.8593575089108925,IPF
0.9023866414353386,IPF
1.4267407038824282,IPF
1.0162703965052409,IPF
1.0139434293211462,IPF
1.2955143761892576,IPF
1.1622425650787895,IPF
0.8758839652623417,IPF
1.2469775768007945,IPF
1.1762010802640572,IPF
1.219873294098549,IPF
0.7678373993772606,IPF
0.8673553188057355,IPF
1.106258882640057,IPF
1.24776263827628,IPF
0.8891274140567335,IPF
0.9707651286659894,IPF
1.1853852006877543,IPF
1.153961623861008,IPF
1.062078000656004,IPF
0.9137032433010622,IPF
1.0675693260140384,IPF
1.1614947461330565,IPF
1.038906249689613,IPF
1.1333526521925128,IPF
0.9163677090447697,IPF
1.0580676976826784,IPF
1.2152027453077627,IPF
0.9379919931032537,IPF
0.9784688330802175,IPF
1.3029932473666317,IPF
1.618307165451034,IPF
1.0432718434190777,IPF
1.1416429186121302,IPF
0.9910152777654492,IPF
1.0710254309812122,IPF
0.9966913192150937,IPF
1.605091778820832,IPF
1.1535368622014341,IPF
1.3131205128836754,IPF
0.9844904655719549,IPF
1.0581411332267432,IPF
1.1246095126916096,IPF
1.2750511760567622,IPF
1.275427772236826,IPF
1.3768211845295821,IPF
1.1381512467578874,IPF
0.9174427995873689,IPF
0.8165516135714221,IPF
1.0479272709140934,IPF
1.0960950717985825,IPF
1.3230820731890467,IPF
1.1153399943646753,IPF
1.2776584845237797,IPF
1.3727773942306836,IPF
1.415917647357941,IPF
1.0779301456866304,IPF
1.0211109151555142,IPF
1.1906394606791086,IPF
0.9071531051845959,IPF
0.9991650694649535,IPF
0.7532356508213014,IPF
0.8340236921464441,IPF
0.9912045379248245,IPF
1.0099948015447695,IPF
1.4872054336252523,IPF
0.7693060506770433,IPF
1.161068651049741,IPF
1.3912055049316747,IPF
0.9727201750262218,IPF
1.230230838673811,IPF
1.4191337015541243,IPF
0.9660785713854009,IPF
1.3700636239952066,IPF
1.195811862943862,IPF
0.9330522109442532,IPF
1.536094443875232,IPF
1.3889057495575055,IPF
0.8080511753042091,IPF
0.9810138138503365,IPF
0.9970465721426729,IPF
1.1063428641806208,IPF
0.9230707741211575,IPF
0.8119832710376745,IPF
0.9741503698845615,IPF
0.8664823421420383,IPF
0.923098282035886,IPF
1.0170735349332873,IPF
0.8009908863480683,IPF
0.9735281735101541,IPF
0.8802189463572194,IPF
0.9946541656544163,IPF
0.9623076544679827,IPF
1.1599714908156253,IPF
1.2275586128206621,IPF
1.1827742441731754,IPF
1.4641742943215363,IPF
1.3543814707878232,IPF
1.0528065198537524,IPF
0.9510030123208303,IPF
1.407473481857242,IPF
1.114547137707992,IPF
0.8980604168282862,IPF
1.262223661941369,IPF
1.1406339399128445,IPF
1.1943045310384686,IPF
1.2312890130155136,IPF
0.930062064813976,IPF
1.4536244779167162,IPF
0.7894798722729095,IPF
0.9280279593324665,IPF
1.2542444871694614,IPF
0.9850150125984838,IPF
1.0172329379402216,IPF
0.9147910349938704,IPF
1.2968196372534317,IPF
0.9520464157448547,IPF
0.9897619524179274,IPF
1.0002196278946047,IPF
1.1737455539012738,IPF
0.8475880429963684,IPF
1.369020251648678,IPF
1.05981929665605,IPF
0.8738503046170426,IPF
0.9083521473377414,IPF
1.1851803062039732,IPF
1.1755206440625257,IPF
1.2374855392392068,IPF
1.3529147508007728,IPF
1.0757092610863797,IPF
0.8053132120817365,IPF
1.3643497296355347,IPF
1.1744176899984582,IPF
0.937240579890381,IPF
1.0093033374170108,IPF
1.0425151543299889,IPF
1.3380904519066106,IPF
1.0170584656203436,IPF
0.8967864204110249,IPF
0.9609878511920575,IPF
1.3235635419681324,IPF
0.8661076579498329,IPF
0.9846783508009862,IPF
0.9704898713257513,IPF
1.3200663677372606,IPF
1.1535123678460029,IPF
1.4789496507880386,IPF
0.7586762570962472,IPF
0.9439140108108288,IPF
1.1000173526639627,IPF
1.0673618423766127,IPF
0.9258894983780952,IPF
1.010288420066736,IPF
0.9332378711714081,IPF
1.148876582294385,IPF
0.886693546111002,IPF
0.8185575422543712,IPF
1.1789486400127935,IPF
0.8695830155094072,IPF
0.8910992908760982,IPF
1.246260202207473,IPF
1.0817728407604856,IPF
1.3367697289543257,IPF
1.244762793510933,IPF
1.2525050252943104,IPF
1.1783451864308412,IPF
1.4446803287438346,IPF
0.9526270921478626,IPF
1.2195185155803512,IPF
1.0464856143705805,IPF
1.091528717051692,IPF
1.4435240276423156,IPF
1.0371408064084502,IPF
1.4287608821227686,IPF
1.1358028150632973,IPF
1.1095513115073925,IPF
0.8977608226541843,IPF
0.9142165666959214,IPF
0.9062629138482615,IPF
1.36623605627627,IPF
1.2498311813363558,IPF
1.1792550738999747,IPF
1.0876642278957016,IPF
1.5297329193151443,IPF
1.1931913477100997,IPF
0.9026114345953237,IPF
0.9016123385262292,IPF
0.9399208354992846,IPF
0.9516944918133027,IPF
1.029124025157971,IPF
1.1326998279435831,IPF
1.0423991253286364,IPF
1.1579139758009658,IPF
1.215626010264564,IPF
0.9902077297918092,IPF
1.2144951631501228,IPF
0.9670501860619906,IPF
1.1429148761154462,IPF
1.6402715610416416,IPF
1.086288573077384,IPF
0.9669659829664731,IPF
0.8821300570901124,IPF
1.1734421334369902,IPF
1.1790359426545716,IPF
1.0862463723313116,IPF
1.2638152744763498,IPF
1.4235778196637245,IPF
1.273391975969842,IPF
0.8881402257263281,IPF
1.1150416605891318,IPF
1.0180357356018086,IPF
0.9026069153933275,IPF
1.1593040248363307,IPF
0.9682633507052727,IPF
0.9187439620728874,IPF
0.9557124070595431,IPF
0.9511532277128395,IPF
0.9985108729013811,IPF
0.8548656594528822,IPF
0.8579453739923387,IPF
0.9501670963231453,IPF
1.0661153728803268,IPF
1.320697364400019,IPF
1.2160371582443597,IPF
0.832258659901207,IPF
0.9887278575520378,IPF
0.7947718496644376,IPF
0.897829110080665,IPF
1.322792232269627,IPF
1.2251277509040281,IPF
1.190876450382827,IPF
1.1242654279287547,IPF
0.8382564252781404,IPF
0.9254901059072271,IPF
1.0874920482897599,IPF
1.3879950234134186,IPF
0.7859193533010115,IPF
1.0497661997834984,IPF
1.2272542781067406,IPF
0.9476217629932432,IPF
2.0684306326215576,IPF
1.0807535197356664,IPF
1.262729439880008,IPF
1.2917856597276702,IPF
1.2900291515006084,IPF
1.2133422490886898,IPF
0.8475161590003286,IPF
1.2850433631195075,IPF
0.8720272249991294,IPF
1.4348357474658513,IPF
1.2148078870775205,IPF
1.3135164883208152,IPF
1.535076187243456,IPF
1.0568311001893198,IPF
1.2062114296369788,IPF
1.1195809709472386,IPF
0.7766900396180443,IPF
1.4468111090289808,IPF
1.2631085153250265,IPF
0.8061532454036495,IPF
0.8869223262295775,IPF
0.8851511470162544,IPF
1.3256572259552355,IPF
0.8586241734436764,IPF
0.8301334456976575,IPF
1.1735722559105668,IPF
0.7503953574047804,IPF
0.9341724034415775,IPF
1.193671643107841,IPF
1.0449261662434257,IPF
0.9593963551019691,IPF
1.0323560300454162,IPF
1.818904068153957,IPF
1.120573465037654,IPF
0.7350699786664404,IPF
1.019332212752001,IPF
1.1480584682943702,IPF
0.9271987387250974,IPF
0.8366755054558521,IPF
0.8558764100377666,IPF
1.1102803510840222,IPF
1.0382059732638627,IPF
0.863871063728388,IPF
0.8693911873287793,IPF
0.7576427846193738,IPF
1.1476655613133357,IPF
1.1946507463779246,IPF
0.8767258427533735,IPF
1.5349144477507075,IPF
0.806509662721495,IPF
0.9638418688762453,IPF
1.0142386776927153,IPF
1.7586018547549713,IPF
1.0137373825351879,IPF
1.2053150905740098,IPF
0.8917551871259635,IPF
0.9911724667345834,IPF
1.3806204665867505,IPF
0.9975963439982958,IPF
0.9980245506677027,IPF
1.0127363536185532,IPF
1.0957544532323735,IPF
1.122728655434485,IPF
0.895694497974115,IPF
1.118947629035241,IPF
0.9455102308696877,IPF
1.0282261458242805,IPF
1.0849418106233721,IPF
1.0870732162186478,IPF
1.1413444072724321,IPF
1.0261072942583254,IPF
1.147907955166637,IPF
1.1151240751850915,IPF
0.8080366460819856,IPF
1.121688626912905,IPF
0.9841789284810956,IPF
0.8109757115958167,IPF
1.3659813066990074,IPF
1.6164373020683451,IPF
0.9926187688749232,IPF
1.107524215790908,IPF
0.9709265167513706,IPF
1.2509310307251262,IPF
0.7868522985750287,IPF
1.1251360879599124,IPF
0.9380010692544538,IPF
1.2584784053638205,IPF
1.0404839073035632,IPF
1.151572672502486,IPF
1.117040286889278,IPF
0.9040772615229233,IPF
1.1845278125865633,IPF
0.8090794980867692,IPF
0.8611385807325317,IPF
1.0202010389704659,IPF
0.8360283616736464,IPF
1.4998250421849768,IPF
0.9285577305701617,IPF
0.9894001152400014,IPF
1.4879388743363906,IPF
0.9334293019844908,IPF
1.062138689875753,IPF
1.3584560908048278,IPF
0.9285190980770824,IPF
0.9420206319116887,IPF
1.1773507439744255,IPF
1.4319398063041489,IPF
1.203455366661362,IPF
0.9733991707066747,IPF
0.7238209707350771,IPF
1.2944296004549645,IPF
0.7799695954886864,IPF
0.939452280712662,IPF
1.0111021480916618,IPF
0.9977120944101125,IPF
1.236952353109175,IPF
1.1764872506150004,IPF
0.9171855933962628,IPF
0.7442441955898192,IPF
1.0923332719866854,IPF
1.1231555193912484,IPF
1.0297854731738292,IPF
1.3470534393675548,IPF
0.9061666133290589,IPF
0.9483507446721502,IPF
0.9361627518108553,IPF
1.0127579738003862,IPF
0.8266601890862105,IPF
1.552716449826926,IPF
0.8764930302011764,IPF
1.08865752852305,IPF
1.2985838268813377,IPF
1.1762493540409364,IPF
1.240833165664741,IPF
1.0246992609438037,IPF
0.8069724738275088,IPF
1.4988597015540914,IPF
0.7569031346208362,IPF
1.0316532903816487,IPF
1.3307723508311065,IPF
0.9669412015361917,IPF
1.1509970252888941,IPF
1.6633047213936873,IPF
1.4467141747467247,IPF
1.1421828363621842,IPF
1.1749648686295566,IPF
0.8531942873232559,IPF
1.3220052890386496,IPF
1.0775594247996427,IPF
1.2164534981472674,IPF
1.023170968402031,IPF
1.0367203282522672,IPF
0.8419355420551026,IPF
0.8125458375714921,IPF
0.8894217824749977,IPF
1.5950327295337803,IPF
0.833415125842316,IPF
0.9812903512184539,IPF
0.9764172912971132,IPF
0.955764607624875,IPF
0.8831576685107552,IPF
0.9598108638569521,IPF
0.9454933777747462,IPF
1.1629866507893025,IPF
1.4311029703348752,IPF
1.1553570742846344,IPF
1.3903643583288254,IPF
0.9229742711010307,IPF
1.0549373682307712,IPF
1.1143283753654996,IPF
1.181571206422447,IPF
1.365359573677535,IPF
1.545599703371866,IPF
0.7363343702114109,IPF
1.185746894457572,IPF
1.0189083887123138,IPF
0.9625963750484168,IPF
1.2972820074461795,IPF
0.7737450492424208,IPF
1.255075482227016,IPF
0.8747996504358131,IPF
0.9304859880068804,IPF
0.8724142776739862,IPF
0.9801592462343478,IPF
0.9215693464179361,IPF
0.9810571180774774,IPF
1.4234365231053994,IPF
0.9358923943855161,IPF
1.2449423546679912,IPF
0.9590003051815871,IPF
0.8804499763491999,IPF
0.8036006777662383,IPF
1.3215648458854838,IPF
1.2400177847984795,IPF
0.8995251353617091,IPF
0.9243499803849918,IPF
1.1607210055648434,IPF
1.0074816493715177,IPF
0.8507033732085154,IPF
0.9017954662931281,IPF
1.1860234998530745,IPF
1.0107784714636572,IPF
0.918252927257039,IPF
0.822287060020477,IPF
0.7146386246718486,IPF
0.9269013693897679,IPF
0.8424501082943027,IPF
0.9909784303311792,IPF
1.301639949168002,IPF
1.1458110667616057,IPF
0.847019395271321,IPF
1.0166541455620426,IPF
1.0071621807865079,IPF
0.9644670635124397,IPF
0.8845694632049066,IPF
0.9501857167207606,IPF
0.8990209611303295,IPF
0.9552109886417132,IPF
0.9866819106126752,IPF
0.7936696734701736,IPF
1.094987552336106,IPF
0.821592012488281,IPF
1.082357439491413,IPF
1.4690853111830784,IPF
1.0285682987511449,IPF
0.8784548975659376,IPF
0.9780139811048343,IPF
1.1136510144980238,IPF
1.165117825780485,IPF
1.1560879776370754,IPF
0.8190417816892683,IPF
0.9717611477910036,IPF
0.9229413155690928,IPF
0.792786248684959,IPF
1.076502389994472,IPF
1.4118291727628158,IPF
0.9504652091665041,IPF
1.008654358858134,IPF
0.8678113573035263,IPF
1.0309207380925351,IPF
1.3917328985905006,IPF
1.1239599306278918,IPF
1.0753305756670894,IPF
0.7331294774813522,IPF
1.0162170593323794,IPF
1.222825361716258,IPF
0.7522885060642045,IPF
0.9949935498985298,IPF
0.9776620756795897,IPF
1.1640334678991824,IPF
1.0651028518547263,IPF
1.1514402448875314,IPF
0.9138772870483135,IPF
1.2690445966561865,IPF
0.9982679300423407,IPF
0.7976993005823211,IPF
0.8361596635609534,IPF
1.0682982687246794,IPF
0.9483783142506361,IPF
1.070349953366577,IPF
0.8150771885886279,IPF
1.0574408355823515,IPF
1.2892120696011387,IPF
1.0677768279260913,IPF
1.1875451572508118,IPF
1.1395500403101286,IPF
1.1907972562856637,IPF
1.133765260609379,IPF
0.9501919804255499,IPF
1.0780207359480343,IPF
1.2760367335829357,IPF
0.9359200451379363,IPF
1.3233055065627346,IPF
0.9140583131313672,IPF
0.9107659719291322,IPF
0.8440589590163242,IPF
1.3643885628350028,IPF
0.9473824867473662,IPF
0.9795418165583294,IPF
0.9230101398690597,IPF
0.7875810036691676,IPF
0.9485722963159545,IPF
1.1029916351882396,IPF
0.9803449184973544,IPF
1.2290492651897205,IPF
0.8957833941236636,IPF
1.0075763971416811,IPF
1.1007192498044376,IPF
0.8690393015019962,IPF
0.882110483015261,IPF
0.929304131397302,IPF
0.878088122769081,IPF
1.0261494362403825,IPF
1.0593785635995614,IPF
1.153703977185385,IPF
1.0396045812593067,IPF
1.0854118868411613,IPF
1.2124335699038684,IPF
0.8904719806349779,IPF
1.093473401124405,IPF
1.1826274774598737,IPF
