Distance,Group
0.9488534054752532,Ref.-Ref.
0.8888653414335379,Ref.-Ref.
0.956948925205387,Ref.-Ref.
1.4998990094236173,Ref.-Ref.
1.2481777689059503,Ref.-Ref.
0.8883297277150267,Ref.-Ref.
1.2540617230368565,Ref.-Ref.
0.910791602487367,Ref.-Ref.
1.0049330415023678,Ref.-Ref.
1.3812738514426417,Ref.-Ref.
1.0395756074514446,Ref.-Ref.
0.858636271954281,Ref.-Ref.
1.0369184075757336,Ref.-Ref.
1.4962309522892918,Ref.-Ref.
1.0228134317839757,Ref.-Ref.
1.0438196562098723,Ref.-Ref.
1.4942304851680057,Ref.-Ref.
0.9864226462198392,Ref.-Ref.
1.3625599764463905,Ref.-Ref.
1.0868830223543797,Ref.-Ref.
1.0606277573564766,Ref.-Ref.
1.2575916901623672,Ref.-Ref.
1.3805886014480497,Ref.-Ref.
2.4445982497021497,Ref.-Ref.
0.9016103742765449,Ref.-Ref.
1.0589556933753344,Ref.-Ref.
1.440709961406746,Ref.-Ref.
1.8788500817297984,Ref.-Ref.
0.8311981650107539,Ref.-Ref.
0.9051080259182541,Ref.-Ref.
1.00554620606302,Ref.-Ref.
1.0920727356183308,Ref.-Ref.
1.1700378667089315,Ref.-Ref.
0.8746169682081985,Ref.-Ref.
1.078960128038324,Ref.-Ref.
1.021914925393221,Ref.-Ref.
1.8752498499051193,Ref.-Ref.
1.08357792449232,Ref.-Ref.
1.0251726125881284,Ref.-Ref.
1.129914776498106,Ref.-Ref.
0.8990264769808695,Ref.-Ref.
1.1295703862885462,Ref.-Ref.
1.13600955962857,Ref.-Ref.
1.1209172017783215,Ref.-Ref.
1.4179641314275644,Ref.-Ref.
1.0139764222271395,Ref.-Ref.
1.4135061179949198,Ref.-Ref.
1.5706373209826703,Ref.-Ref.
0.8962552611229424,Ref.-Ref.
1.2964490533741733,Ref.-Ref.
0.853678027721801,Ref.-Ref.
1.4427415584429364,Ref.-Ref.
0.9881751288444462,Ref.-Ref.
1.722273691385734,Ref.-Ref.
1.1747395688067066,Ref.-Ref.
0.9140945123436303,Ref.-Ref.
1.038012889146543,Ref.-Ref.
1.2749456624118873,Ref.-Ref.
1.3739345677726842,Ref.-Ref.
1.1987929596513638,Ref.-Ref.
1.395122731275861,Ref.-Ref.
0.8978709938819883,Ref.-Ref.
1.0396349764672772,Ref.-Ref.
0.9678402233777957,Ref.-Ref.
0.8804823597960924,Ref.-Ref.
1.1474779616059998,Ref.-Ref.
1.8899467877475957,Ref.-Ref.
1.5556173703288037,Ref.-Ref.
0.888465887188886,Ref.-Ref.
1.3806553267276036,Ref.-Ref.
0.8569028100331894,Ref.-Ref.
1.3999374797811712,Ref.-Ref.
0.9907529484383187,Ref.-Ref.
1.5714721688615318,Ref.-Ref.
0.8765492928165188,Ref.-Ref.
1.8680340328859284,Ref.-Ref.
1.2356279436285764,Ref.-Ref.
1.3175598601948,Ref.-Ref.
1.8878075513726087,Ref.-Ref.
0.8419217327047902,Ref.-Ref.
1.3905478247208134,Ref.-Ref.
1.02980790246344,Ref.-Ref.
1.0237908014718107,Ref.-Ref.
1.0569857878243767,Ref.-Ref.
1.3339358945785837,Ref.-Ref.
1.4371236202616935,Ref.-Ref.
1.6324965744241255,Ref.-Ref.
0.9152311210483534,Ref.-Ref.
0.98782402378182,Ref.-Ref.
1.586287365685953,Ref.-Ref.
1.0142982777774718,Ref.-Ref.
1.1531349660339176,Ref.-Ref.
0.9589849343372074,Ref.-Ref.
1.4083024949652057,Ref.-Ref.
0.8684818107383675,Ref.-Ref.
1.524916203095298,Ref.-Ref.
1.369804496009471,Ref.-Ref.
1.1924544439888545,Ref.-Ref.
0.9405104765680891,Ref.-Ref.
0.8029798442486002,Ref.-Ref.
1.1145699747487314,Ref.-Ref.
1.4919127354209003,Ref.-Ref.
0.8283088447768822,Ref.-Ref.
0.7561878299294386,Ref.-Ref.
0.9302014077012823,Ref.-Ref.
0.9982007244932062,Ref.-Ref.
0.8687610913592606,Ref.-Ref.
0.8979356907305668,Ref.-Ref.
1.1130593633679633,Ref.-Ref.
2.838027036806523,Ref.-Ref.
1.2011418488937649,Ref.-Ref.
1.1115233771610078,Ref.-Ref.
1.5825234445633374,Ref.-Ref.
0.9833281051929209,Ref.-Ref.
1.0747330967576056,Ref.-Ref.
0.857040749177066,Ref.-Ref.
1.2484742068327301,Ref.-Ref.
0.8784764059746213,Ref.-Ref.
1.6927540735602857,Ref.-Ref.
1.1436625378670464,Ref.-Ref.
0.9889741013035835,Ref.-Ref.
0.9357455998147332,Ref.-Ref.
0.9040074584540048,Ref.-Ref.
1.3107857634969404,Ref.-Ref.
0.9275154310863998,Ref.-Ref.
1.0787050059354586,Ref.-Ref.
1.0183698132882657,Ref.-Ref.
1.4782830991317608,Ref.-Ref.
0.8761844043662915,Ref.-Ref.
1.0639785448986272,Ref.-Ref.
1.004275373611376,Ref.-Ref.
1.2817416108721846,Ref.-Ref.
1.0793861842044243,Ref.-Ref.
0.9917362662983857,Ref.-Ref.
0.8887892657235352,Ref.-Ref.
1.0088557719177254,Ref.-Ref.
1.9862669818676746,Ref.-Ref.
1.2333596702797767,Ref.-Ref.
1.2709546259080855,Ref.-Ref.
1.2192073609182676,Ref.-Ref.
1.2262766162354208,Ref.-Ref.
1.0284171710838013,Ref.-Ref.
1.3603988652767742,Ref.-Ref.
1.4801734257966614,Ref.-Ref.
1.5465098438386455,Ref.-Ref.
1.1977154470167826,Ref.-Ref.
0.973943269167112,Ref.-Ref.
0.8885996005791409,Ref.-Ref.
0.933829623090353,Ref.-Ref.
2.354859822605265,Ref.-Ref.
0.8982323806957313,Ref.-Ref.
0.9290720703229663,Ref.-Ref.
0.9767615041019304,Ref.-Ref.
1.4122811284612629,Ref.-Ref.
1.5051973036621962,Ref.-Ref.
1.4325540352471264,Ref.-Ref.
1.5581685722262102,Ref.-Ref.
0.8629040554809356,Ref.-Ref.
1.5216217000904562,Ref.-Ref.
1.485354275303627,Ref.-Ref.
1.8702562750449352,Ref.-Ref.
1.3536414032600768,Ref.-Ref.
0.8191724949061716,Ref.-Ref.
1.189036087523794,Ref.-Ref.
1.224671980076214,Ref.-Ref.
1.4830514627959261,Ref.-Ref.
0.9839477350015426,Ref.-Ref.
1.6157604370014251,Ref.-Ref.
1.2639400932335498,Ref.-Ref.
1.009183241580125,Ref.-Ref.
0.7995462514506945,Ref.-Ref.
0.8405969220376838,Ref.-Ref.
1.4952575719594488,Ref.-Ref.
1.056250605376919,Ref.-Ref.
0.9500057686063839,Ref.-Ref.
1.4762987384563362,Ref.-Ref.
1.0023232002717706,Ref.-Ref.
1.1607814253480075,Ref.-Ref.
1.0862909381600427,Ref.-Ref.
1.003992015779817,Ref.-Ref.
1.361496667164855,Ref.-Ref.
0.8645261054542713,Ref.-Ref.
0.7836201618051486,Ref.-Ref.
1.5381462008559366,Ref.-Ref.
1.3309571320222062,Ref.-Ref.
0.9014088897887867,Ref.-Ref.
1.3473353413603006,Ref.-Ref.
0.900988574137177,Ref.-Ref.
1.7378888627783922,Ref.-Ref.
1.3911054919319794,Ref.-Ref.
0.8474288629696606,Ref.-Ref.
1.072918080733609,Ref.-Ref.
0.904866226139502,Ref.-Ref.
1.226852005819977,Ref.-Ref.
1.8435437818154872,Ref.-Ref.
1.2827408097235995,Ref.-Ref.
1.3225889038522827,Ref.-Ref.
1.6391001899950621,Ref.-Ref.
1.0637393153549357,Ref.-Ref.
1.4007231332073833,Ref.-Ref.
0.9193455225796906,Ref.-Ref.
1.4209416786098925,Ref.-Ref.
2.0782195436887334,Ref.-Ref.
1.3509861538894163,Ref.-Ref.
1.177211862005774,Ref.-Ref.
1.3724432762131993,Ref.-Ref.
0.8331425686518129,Ref.-Ref.
1.6533810695652804,Ref.-Ref.
1.3518918180167212,Ref.-Ref.
1.3806722707321901,Ref.-Ref.
1.2192956025005035,Ref.-Ref.
1.239217787959529,Ref.-Ref.
0.8532006786886027,Ref.-Ref.
1.410507260747809,Ref.-Ref.
1.0778978774238603,Ref.-Ref.
1.0403468846919615,Ref.-Ref.
0.9669597362214638,Ref.-Ref.
1.1134900084793666,Ref.-Ref.
0.9988338496266055,Ref.-Ref.
1.1254617426600657,Ref.-Ref.
0.9072085749597496,Ref.-Ref.
1.1698076205555723,Ref.-Ref.
0.8616695557125633,Ref.-Ref.
1.2397658302122077,Ref.-Ref.
0.8606993498508888,Ref.-Ref.
1.2834263841559792,Ref.-Ref.
0.7839943374828864,Ref.-Ref.
0.92655987746725,Ref.-Ref.
0.8476260948007338,Ref.-Ref.
0.8988950589749689,Ref.-Ref.
1.7840030250418888,Ref.-Ref.
1.1637365360983238,Ref.-Ref.
1.1309780846871138,Ref.-Ref.
1.2796937205191135,Ref.-Ref.
0.9466410477808145,Ref.-Ref.
1.1977699195944846,Ref.-Ref.
1.0848611918975535,Ref.-Ref.
0.9902939990431685,Ref.-Ref.
1.0719640349066217,Ref.-Ref.
1.5490449288264454,Ref.-Ref.
0.8235757911708447,Ref.-Ref.
0.9753350792064752,Ref.-Ref.
1.02575882695496,Ref.-Ref.
2.1162363186450173,Ref.-Ref.
1.8218932858348316,Ref.-Ref.
1.2948030768425731,Ref.-Ref.
1.4982540534570283,Ref.-Ref.
1.2102367312605866,Ref.-Ref.
1.18321946926402,Ref.-Ref.
0.8260099627428901,Ref.-Ref.
1.6391821509775637,Ref.-Ref.
0.9755650984738959,Ref.-Ref.
1.1402238919381653,Ref.-Ref.
1.8525685539879135,Ref.-Ref.
1.1305963312698353,Ref.-Ref.
0.8431694565319504,Ref.-Ref.
0.8988677753014261,Ref.-Ref.
1.614928327910248,Ref.-Ref.
0.9788291826817249,Ref.-Ref.
1.2076451395053551,Ref.-Ref.
1.2022542338964926,Ref.-Ref.
0.8748804803032887,Ref.-Ref.
1.0812085127478632,Ref.-Ref.
1.043902882581257,Ref.-Ref.
0.9525203757976695,Ref.-Ref.
0.9586374031030109,Ref.-Ref.
0.8923934100932231,Ref.-Ref.
1.4888646215557548,Ref.-Ref.
1.4915277972497933,Ref.-Ref.
0.9560469182160439,Ref.-Ref.
1.1278978971968059,Ref.-Ref.
1.1024614594757327,Ref.-Ref.
0.9157549247048107,Ref.-Ref.
1.4453629882439365,Ref.-Ref.
1.37866697291919,Ref.-Ref.
1.4804752065721851,Ref.-Ref.
1.168186376459042,Ref.-Ref.
1.4139746980784986,Ref.-Ref.
1.5738397940652493,Ref.-Ref.
1.296582911406231,Ref.-Ref.
1.1433137373722633,Ref.-Ref.
1.1447545917312085,Ref.-Ref.
1.3665226094167973,Ref.-Ref.
1.369763029304903,Ref.-Ref.
1.3454396307999852,Ref.-Ref.
1.3253474146481663,Ref.-Ref.
0.9409311829285291,Ref.-Ref.
0.9586695244817649,Ref.-Ref.
0.7883432630371837,Ref.-Ref.
0.9652254837410602,Ref.-Ref.
1.250605533722468,Ref.-Ref.
0.8496641473887081,Ref.-Ref.
1.1464636896248648,Ref.-Ref.
0.9541936030280284,Ref.-Ref.
1.3799322077347864,Ref.-Ref.
1.5096670316217167,Ref.-Ref.
1.2388141170509777,Ref.-Ref.
0.8646794219624898,Ref.-Ref.
1.303285912988255,Ref.-Ref.
1.298808589615447,Ref.-Ref.
0.9330793508067841,Ref.-Ref.
1.2420215435790511,Ref.-Ref.
1.0026391081953527,Ref.-Ref.
1.3509861538894163,Ref.-Ref.
0.9720604070674853,Ref.-Ref.
0.9632061415857744,Ref.-Ref.
0.9975041217070946,Ref.-Ref.
1.990941657116414,Ref.-Ref.
0.8581012614340746,Ref.-Ref.
0.8063664186563597,Ref.-Ref.
1.3089929605707968,Ref.-Ref.
1.4496228937426783,Ref.-Ref.
1.3064378124995761,Ref.-Ref.
1.268572957104547,Ref.-Ref.
1.0676900710608794,Ref.-Ref.
1.2473669435463033,Ref.-Ref.
1.325503315477031,Ref.-Ref.
1.8370362819132713,Ref.-Ref.
0.9101241878115076,Ref.-Ref.
0.826724714112825,Ref.-Ref.
1.209107737784214,Ref.-Ref.
1.5569210057854643,Ref.-Ref.
0.8095399104131564,Ref.-Ref.
1.3548751357462048,Ref.-Ref.
1.222540434245652,Ref.-Ref.
0.8529912988229312,Ref.-Ref.
1.372535513348692,Ref.-Ref.
1.3522574669003053,Ref.-Ref.
0.804114539269867,Ref.-Ref.
0.9668485474689059,Ref.-Ref.
0.9170003743718838,Ref.-Ref.
1.4435356671453294,Ref.-Ref.
1.1463081269526116,Ref.-Ref.
1.1875598342653373,Ref.-Ref.
0.82609109821324,Ref.-Ref.
1.04673029895051,Ref.-Ref.
1.1511175222515697,Ref.-Ref.
1.808029219455484,Ref.-Ref.
1.0040746190310754,Ref.-Ref.
0.9406857236507279,Ref.-Ref.
1.110266548392317,Ref.-Ref.
1.241543238462154,Ref.-Ref.
0.9055801962200821,Ref.-Ref.
1.3855720694608415,Ref.-Ref.
1.4941445411882346,Ref.-Ref.
1.4753391394675472,Ref.-Ref.
1.5157717252537029,Ref.-Ref.
0.8618962699036985,Ref.-Ref.
1.4020009548818193,Ref.-Ref.
0.9988132945378875,Ref.-Ref.
1.0763291390047214,Ref.-Ref.
1.1594543848431316,Ref.-Ref.
0.9131174251582256,Ref.-Ref.
1.0239491959044584,Ref.-Ref.
0.9885844190724116,Ref.-Ref.
1.2017417462125293,Ref.-Ref.
1.145766871674304,Ref.-Ref.
0.7959611934113989,Ref.-Ref.
0.7514631736372744,Ref.-Ref.
1.7540093891523365,Ref.-Ref.
1.5987646051051156,Ref.-Ref.
0.9127931876006555,Ref.-Ref.
0.9412660226447228,Ref.-Ref.
0.9982281896171998,Ref.-Ref.
1.2521556038675645,Ref.-Ref.
1.215867137362798,Ref.-Ref.
1.5002852120971502,IPF Query-Ref.
2.003542488138895,IPF Query-Ref.
1.4301540475516274,IPF Query-Ref.
1.2037177608445675,IPF Query-Ref.
1.4051354469148933,IPF Query-Ref.
1.4231579689092877,IPF Query-Ref.
1.1628805694891418,IPF Query-Ref.
1.704546574752541,IPF Query-Ref.
1.2760249503814542,IPF Query-Ref.
1.495722980462982,IPF Query-Ref.
1.5339294009413185,IPF Query-Ref.
1.2707196383738182,IPF Query-Ref.
2.3852642527760266,IPF Query-Ref.
1.4425334929636344,IPF Query-Ref.
1.400848009294099,IPF Query-Ref.
2.0017181649670026,IPF Query-Ref.
1.9994208130089588,IPF Query-Ref.
1.879886190472194,IPF Query-Ref.
1.553849973030818,IPF Query-Ref.
1.586526009344074,IPF Query-Ref.
0.928593821134556,IPF Query-Ref.
1.2864716861099281,IPF Query-Ref.
1.3793876819078834,IPF Query-Ref.
1.8487900531275783,IPF Query-Ref.
1.1816811618497136,IPF Query-Ref.
1.6011799339820694,IPF Query-Ref.
1.5220771506669064,IPF Query-Ref.
1.2459021690267513,IPF Query-Ref.
2.001980825623888,IPF Query-Ref.
1.5815224495869105,IPF Query-Ref.
1.9668503377129112,IPF Query-Ref.
1.6394499218618388,IPF Query-Ref.
1.4865071228223357,IPF Query-Ref.
1.3633594541735574,IPF Query-Ref.
1.509186451862708,IPF Query-Ref.
1.2904284174585567,IPF Query-Ref.
0.9811033260312193,IPF Query-Ref.
1.4905022525559997,IPF Query-Ref.
2.1866423485520543,IPF Query-Ref.
1.6627406268761376,IPF Query-Ref.
1.8653534105988128,IPF Query-Ref.
0.9344511795451508,IPF Query-Ref.
1.6143304504768823,IPF Query-Ref.
1.6243643576264115,IPF Query-Ref.
1.326598869106647,IPF Query-Ref.
1.2855236192100856,IPF Query-Ref.
1.9331175250088959,IPF Query-Ref.
1.778968391170103,IPF Query-Ref.
1.4407133352616024,IPF Query-Ref.
1.5969733352550277,IPF Query-Ref.
2.0184773083895657,IPF Query-Ref.
1.5562641017342416,IPF Query-Ref.
1.5680743904889578,IPF Query-Ref.
1.3822505534036456,IPF Query-Ref.
1.3928607208696537,IPF Query-Ref.
1.0430482906374552,IPF Query-Ref.
1.5993216171622988,IPF Query-Ref.
1.1721871297801845,IPF Query-Ref.
1.3505969190433065,IPF Query-Ref.
1.4355132237711752,IPF Query-Ref.
1.1463578700658519,IPF Query-Ref.
1.5457062650036508,IPF Query-Ref.
1.8517053607101812,IPF Query-Ref.
0.9317449855920378,IPF Query-Ref.
2.4885145551209726,IPF Query-Ref.
1.8558742842354825,IPF Query-Ref.
1.44249149328888,IPF Query-Ref.
1.8224143477877348,IPF Query-Ref.
2.015567271644653,IPF Query-Ref.
1.5634878674883599,IPF Query-Ref.
1.2839075042695947,IPF Query-Ref.
1.4482689371978834,IPF Query-Ref.
2.0994215447349656,IPF Query-Ref.
1.2135917641058045,IPF Query-Ref.
1.7747336362974857,IPF Query-Ref.
1.7049263476305154,IPF Query-Ref.
1.2654773195592517,IPF Query-Ref.
1.6885839601510553,IPF Query-Ref.
1.588210966625079,IPF Query-Ref.
1.5134562407802976,IPF Query-Ref.
1.5004498009742966,IPF Query-Ref.
1.109433924703476,IPF Query-Ref.
0.9498797043005163,IPF Query-Ref.
1.2450873795236674,IPF Query-Ref.
1.557655163794697,IPF Query-Ref.
1.6040058829918395,IPF Query-Ref.
1.229959980520807,IPF Query-Ref.
1.527934461116834,IPF Query-Ref.
1.7799213120635922,IPF Query-Ref.
1.714031728896262,IPF Query-Ref.
1.45528298256419,IPF Query-Ref.
0.9604416566172663,IPF Query-Ref.
1.4208685520384392,IPF Query-Ref.
1.3108796664440183,IPF Query-Ref.
1.5355881458068028,IPF Query-Ref.
1.546379916231474,IPF Query-Ref.
1.5398430600235682,IPF Query-Ref.
1.015313996576652,IPF Query-Ref.
1.386307056986436,IPF Query-Ref.
1.0687826182988516,IPF Query-Ref.
1.3547920097830883,IPF Query-Ref.
1.835870177266766,IPF Query-Ref.
1.5783858745346973,IPF Query-Ref.
1.7506992151013099,IPF Query-Ref.
1.0124209723516302,IPF Query-Ref.
1.1785080350066373,IPF Query-Ref.
1.8871159347367479,IPF Query-Ref.
1.4873838696846218,IPF Query-Ref.
1.670932463820921,IPF Query-Ref.
1.7912540754172421,IPF Query-Ref.
1.3879129415527605,IPF Query-Ref.
1.747520425792734,IPF Query-Ref.
1.6374956904846776,IPF Query-Ref.
1.6149395713975125,IPF Query-Ref.
1.5350510160489559,IPF Query-Ref.
1.5014712584467111,IPF Query-Ref.
1.0165986402918803,IPF Query-Ref.
1.72451030411333,IPF Query-Ref.
1.9530042538214631,IPF Query-Ref.
1.5364772904983712,IPF Query-Ref.
1.7906251894115117,IPF Query-Ref.
1.7639555752040141,IPF Query-Ref.
2.252780097563958,IPF Query-Ref.
0.9610046672636883,IPF Query-Ref.
1.3806753218631804,IPF Query-Ref.
1.914490526296969,IPF Query-Ref.
1.2772127625911112,IPF Query-Ref.
1.9404071528153084,IPF Query-Ref.
2.273341125302777,IPF Query-Ref.
1.0879053517660517,IPF Query-Ref.
1.4579982319538705,IPF Query-Ref.
1.1131928952224082,IPF Query-Ref.
2.050460957179282,IPF Query-Ref.
0.9260161952069247,IPF Query-Ref.
1.6440709787497247,IPF Query-Ref.
1.717449261889518,IPF Query-Ref.
1.5964270660656277,IPF Query-Ref.
1.6479834487304779,IPF Query-Ref.
1.1794005964620546,IPF Query-Ref.
1.643844566177004,IPF Query-Ref.
1.4807812045615074,IPF Query-Ref.
1.6251240049277713,IPF Query-Ref.
2.035143225403794,IPF Query-Ref.
1.2209247211257441,IPF Query-Ref.
1.303229128285812,IPF Query-Ref.
1.5120897885923212,IPF Query-Ref.
1.6149208236970505,IPF Query-Ref.
1.865117754293521,IPF Query-Ref.
1.3496754218822185,IPF Query-Ref.
1.3343701878951966,IPF Query-Ref.
1.594624911749523,IPF Query-Ref.
1.6999849399406985,IPF Query-Ref.
1.2325736340112918,IPF Query-Ref.
1.907727347842612,IPF Query-Ref.
1.1041911924016712,IPF Query-Ref.
1.5804062548234703,IPF Query-Ref.
1.2448677645709447,IPF Query-Ref.
1.5866642516162999,IPF Query-Ref.
1.3164046679914412,IPF Query-Ref.
1.6054556556619808,IPF Query-Ref.
1.9802035722526536,IPF Query-Ref.
1.7512531284899404,IPF Query-Ref.
1.1491970252122852,IPF Query-Ref.
2.0787747684277895,IPF Query-Ref.
1.2172529646902162,IPF Query-Ref.
1.7799861767285983,IPF Query-Ref.
1.5679528825747613,IPF Query-Ref.
1.5269982791686396,IPF Query-Ref.
1.3378852463639246,IPF Query-Ref.
1.487445667048396,IPF Query-Ref.
0.8963201822754803,IPF Query-Ref.
1.565213484418616,IPF Query-Ref.
1.731787463341409,IPF Query-Ref.
1.7289402687197595,IPF Query-Ref.
2.3570574516316496,IPF Query-Ref.
1.873621765523667,IPF Query-Ref.
1.0377737209530684,IPF Query-Ref.
1.4185383736832256,IPF Query-Ref.
1.0038451704313909,IPF Query-Ref.
2.1353701664015032,IPF Query-Ref.
1.7974588849444735,IPF Query-Ref.
2.0191290187710957,IPF Query-Ref.
1.6976612367171153,IPF Query-Ref.
2.1087558410972753,IPF Query-Ref.
1.6957691672496356,IPF Query-Ref.
1.8146112222842168,IPF Query-Ref.
2.323987128187332,IPF Query-Ref.
1.552375504103372,IPF Query-Ref.
0.8780089220251358,IPF Query-Ref.
1.6374686564435774,IPF Query-Ref.
1.8575199307399723,IPF Query-Ref.
1.121435731002459,IPF Query-Ref.
1.5805879561218212,IPF Query-Ref.
1.2130560908450692,IPF Query-Ref.
1.6523849180435195,IPF Query-Ref.
1.9100077495238643,IPF Query-Ref.
1.3491986748143687,IPF Query-Ref.
0.8206749908901387,IPF Query-Ref.
1.3751812952837577,IPF Query-Ref.
1.8993059232794576,IPF Query-Ref.
1.1972428562049255,IPF Query-Ref.
1.5273493954179713,IPF Query-Ref.
1.4509246290633424,IPF Query-Ref.
0.957232512626209,IPF Query-Ref.
1.882451056919463,IPF Query-Ref.
1.5868237794765172,IPF Query-Ref.
1.4237982400693678,IPF Query-Ref.
1.4799579406751568,IPF Query-Ref.
2.0124067892308966,IPF Query-Ref.
1.3679909623640487,IPF Query-Ref.
1.6790734796572646,IPF Query-Ref.
1.5907261216934163,IPF Query-Ref.
1.3024370478624423,IPF Query-Ref.
1.7245474389560378,IPF Query-Ref.
1.180938297318156,IPF Query-Ref.
1.35922153519532,IPF Query-Ref.
1.0420232721319254,IPF Query-Ref.
1.8648752539302185,IPF Query-Ref.
1.7847821593465758,IPF Query-Ref.
1.4314498834435327,IPF Query-Ref.
1.4766392282665566,IPF Query-Ref.
1.4060403142532725,IPF Query-Ref.
1.123692647072788,IPF Query-Ref.
1.5236181322657572,IPF Query-Ref.
1.5309659505772117,IPF Query-Ref.
1.6269251812681147,IPF Query-Ref.
1.7615659207226193,IPF Query-Ref.
2.0110702035872166,IPF Query-Ref.
0.9800512407158354,IPF Query-Ref.
1.2893152703186272,IPF Query-Ref.
1.0144886283904788,IPF Query-Ref.
1.2221034977281966,IPF Query-Ref.
1.5978027763719966,IPF Query-Ref.
1.0706668108153288,IPF Query-Ref.
1.3198655819433431,IPF Query-Ref.
1.4659567947538075,IPF Query-Ref.
1.8327746740874962,IPF Query-Ref.
1.706922907238318,IPF Query-Ref.
1.452287362159803,IPF Query-Ref.
1.5524874317253632,IPF Query-Ref.
1.6242242785014696,IPF Query-Ref.
1.9036621022534503,IPF Query-Ref.
1.3551250106288546,IPF Query-Ref.
0.7372077886246488,IPF Query-Ref.
1.2435613716616412,IPF Query-Ref.
1.4444007882072858,IPF Query-Ref.
2.012646538577314,IPF Query-Ref.
1.3027211846883318,IPF Query-Ref.
1.5382935382643608,IPF Query-Ref.
2.0517795335146345,IPF Query-Ref.
1.5010637861056733,IPF Query-Ref.
1.1825117007297168,IPF Query-Ref.
2.091379608221444,IPF Query-Ref.
2.3623422135574885,IPF Query-Ref.
1.3958778936744995,IPF Query-Ref.
1.645700240075273,IPF Query-Ref.
1.6191318155265275,IPF Query-Ref.
1.6219168276551188,IPF Query-Ref.
1.6952147098520258,IPF Query-Ref.
1.590584684821846,IPF Query-Ref.
1.3144522282101827,IPF Query-Ref.
1.912268679358339,IPF Query-Ref.
2.0023202454614792,IPF Query-Ref.
1.4390245898780767,IPF Query-Ref.
1.6041723169494149,IPF Query-Ref.
0.9506981572093135,IPF Query-Ref.
1.5588638780570714,IPF Query-Ref.
2.083562065270438,IPF Query-Ref.
1.5397093310993821,IPF Query-Ref.
1.5778451227964916,IPF Query-Ref.
1.3925209767934763,IPF Query-Ref.
1.404456497521238,IPF Query-Ref.
2.051133512349921,IPF Query-Ref.
1.5029690805342437,IPF Query-Ref.
1.8848765540221497,IPF Query-Ref.
1.7760909752205443,IPF Query-Ref.
1.9755511635267224,IPF Query-Ref.
1.3773156524212857,IPF Query-Ref.
1.1687861869994987,IPF Query-Ref.
1.3878180014174466,IPF Query-Ref.
1.4187824471661128,IPF Query-Ref.
2.1347502701129586,IPF Query-Ref.
1.3078627362691206,IPF Query-Ref.
1.6094923898828137,IPF Query-Ref.
1.5461703428191187,IPF Query-Ref.
1.044643488249471,IPF Query-Ref.
1.3626537275573218,IPF Query-Ref.
1.703899341781321,IPF Query-Ref.
1.7649641445512085,IPF Query-Ref.
0.9359111475158766,IPF Query-Ref.
1.4155272282110736,IPF Query-Ref.
1.2797455272888112,IPF Query-Ref.
1.3710584644153636,IPF Query-Ref.
1.4314996141922904,IPF Query-Ref.
2.1485136958582167,IPF Query-Ref.
1.3493708473144124,IPF Query-Ref.
1.3213894025168067,IPF Query-Ref.
0.8896396223423212,IPF Query-Ref.
1.6978796114666228,IPF Query-Ref.
1.9532794259276993,IPF Query-Ref.
1.5438321619849402,IPF Query-Ref.
1.7107882088567437,IPF Query-Ref.
1.5123685236173963,IPF Query-Ref.
1.3785556476619985,IPF Query-Ref.
0.936149160330751,IPF Query-Ref.
1.501858933238369,IPF Query-Ref.
1.0289261322805945,IPF Query-Ref.
1.6055062686702726,IPF Query-Ref.
1.7530793242835638,IPF Query-Ref.
1.3782851064105675,IPF Query-Ref.
0.8837287780109957,IPF Query-Ref.
1.4587812783744027,IPF Query-Ref.
1.2101261844859699,IPF Query-Ref.
1.7814028737796437,IPF Query-Ref.
1.9442952672925733,IPF Query-Ref.
1.7747985068090382,IPF Query-Ref.
1.9320168636053134,IPF Query-Ref.
1.8963282529281318,IPF Query-Ref.
1.6273605373346007,IPF Query-Ref.
1.284419659188922,IPF Query-Ref.
1.776390437595731,IPF Query-Ref.
1.3697238742325923,IPF Query-Ref.
1.0970982041912742,IPF Query-Ref.
1.829517183283009,IPF Query-Ref.
1.3809236044605713,IPF Query-Ref.
1.4999229579654467,IPF Query-Ref.
2.342684098674309,IPF Query-Ref.
2.29697599707531,IPF Query-Ref.
1.609508722283538,IPF Query-Ref.
2.0060659300328383,IPF Query-Ref.
1.3176902726596353,IPF Query-Ref.
1.423994873545467,IPF Query-Ref.
0.8110656608842978,IPF Query-Ref.
1.4864556066373547,IPF Query-Ref.
1.6319935584012515,IPF Query-Ref.
1.4985669350806443,IPF Query-Ref.
1.1806203451390684,IPF Query-Ref.
0.9623749678639835,IPF Query-Ref.
2.1348630622109863,IPF Query-Ref.
1.9419998736065478,IPF Query-Ref.
1.4818195903377755,IPF Query-Ref.
1.866009159972092,IPF Query-Ref.
2.071575097033474,IPF Query-Ref.
1.34904320239035,IPF Query-Ref.
1.8379039671220396,IPF Query-Ref.
2.2740467514507046,IPF Query-Ref.
1.859082437627146,IPF Query-Ref.
1.3536026248004576,IPF Query-Ref.
1.1099198583837273,IPF Query-Ref.
1.2645448860908668,IPF Query-Ref.
1.731292338725766,IPF Query-Ref.
1.297424571411879,IPF Query-Ref.
1.709074803156073,IPF Query-Ref.
1.2430637259980293,IPF Query-Ref.
1.735276351513125,IPF Query-Ref.
1.4372915151697614,IPF Query-Ref.
1.481720878053651,IPF Query-Ref.
1.8831116830005974,IPF Query-Ref.
1.054152827015194,IPF Query-Ref.
1.6140114000167574,IPF Query-Ref.
1.0449310251317505,IPF Query-Ref.
1.1874937989604786,IPF Query-Ref.
2.3772759065254374,IPF Query-Ref.
0.9652770832325995,IPF Query-Ref.
1.4899477445599278,IPF Query-Ref.
2.1937541801570215,IPF Query-Ref.
1.5278404416518476,IPF Query-Ref.
1.6986596770690185,IPF Query-Ref.
1.6021811780569004,IPF Query-Ref.
1.4998976362157843,IPF Query-Ref.
1.5826706319377704,IPF Query-Ref.
1.4813337322886604,IPF Query-Ref.
1.823726028852653,IPF Query-Ref.
1.5676173491254737,IPF Query-Ref.
1.7154063839183613,IPF Query-Ref.
1.5734060168072614,IPF Query-Ref.
2.7164825268119035,IPF Query-Ref.
1.2403113829070238,IPF Query-Ref.
1.1988026738201243,IPF Query-Ref.
2.0340595211261836,IPF Query-Ref.
1.6155627282928129,IPF Query-Ref.
0.7891887223158169,IPF Query-Ref.
1.4623303918996449,IPF Query-Ref.
1.7735534651718359,IPF Query-Ref.
0.8841641498068592,IPF Query-Ref.
1.425460224688553,IPF Query-Ref.
1.8173579681310397,IPF Query-Ref.
1.446503982400735,IPF Query-Ref.
1.557842595960711,IPF Query-Ref.
1.2694086214649023,IPF Query-Ref.
1.8503848037528892,IPF Query-Ref.
1.9584761079178161,IPF Query-Ref.
1.121101677388513,IPF Query-Ref.
1.6348464965586733,IPF Query-Ref.
1.581444630004056,IPF Query-Ref.
0.9867560248966408,IPF Query-Ref.
1.20911502209068,IPF Query-Ref.
1.7699887589417842,IPF Query-Ref.
1.112573184242333,IPF Query-Ref.
1.7773235853338647,IPF Query-Ref.
1.3661463761900967,IPF Query-Ref.
2.1975221846420863,IPF Query-Ref.
2.18305486801425,IPF Query-Ref.
1.3111651370325152,IPF Query-Ref.
1.6632834953111335,IPF Query-Ref.
1.296940267736495,IPF Query-Ref.
1.3040493112194749,IPF Query-Ref.
1.1483474487860108,IPF Query-Ref.
1.145754214275091,IPF Query-Ref.
1.0162843649260551,IPF Query-Ref.
1.6078489426088272,IPF Query-Ref.
1.2803083368784058,IPF Query-Ref.
1.1265346028907919,IPF Query-Ref.
0.9493248149738243,IPF Query-Ref.
1.5295689631384686,IPF Query-Ref.
1.958465133002414,IPF Query-Ref.
1.1496258781358148,IPF Query-Ref.
1.2290040660445758,IPF Query-Ref.
1.457343631620358,IPF Query-Ref.
1.8970097183629762,IPF Query-Ref.
1.4486787405278356,IPF Query-Ref.
1.1340184782506972,IPF Query-Ref.
1.3578516931333608,IPF Query-Ref.
1.2477563911858938,IPF Query-Ref.
1.2390565736240569,IPF Query-Ref.
1.0610666468713474,IPF Query-Ref.
1.4967173879595586,IPF Query-Ref.
1.5426046936787363,IPF Query-Ref.
1.2049709584825317,IPF Query-Ref.
0.9553427507816716,IPF Query-Ref.
1.8886824913629814,IPF Query-Ref.
1.3492735493192376,IPF Query-Ref.
1.689307934309365,IPF Query-Ref.
2.0342890847374155,IPF Query-Ref.
1.3374756229650768,IPF Query-Ref.
0.8806944602479055,IPF Query-Ref.
1.8682125366459403,IPF Query-Ref.
0.9759606890048763,IPF Query-Ref.
1.613511109491306,IPF Query-Ref.
2.2382314793198055,IPF Query-Ref.
1.576991270085724,IPF Query-Ref.
1.723106536694762,IPF Query-Ref.
1.3651083486295814,IPF Query-Ref.
1.2569165546815002,IPF Query-Ref.
1.0367307763006375,IPF Query-Ref.
0.9078678327718145,IPF Query-Ref.
1.3235682105474376,IPF Query-Ref.
1.7283652701317596,IPF Query-Ref.
1.6859260035042183,IPF Query-Ref.
1.8612080778304099,IPF Query-Ref.
1.416396765597815,IPF Query-Ref.
2.052016537075439,IPF Query-Ref.
1.1861926540184569,IPF Query-Ref.
1.8294348753350183,IPF Query-Ref.
1.8174283255683918,IPF Query-Ref.
1.7423241371455302,IPF Query-Ref.
1.8335470948471393,IPF Query-Ref.
1.520386575884586,IPF Query-Ref.
1.7980101329043663,IPF Query-Ref.
1.0801895145768194,IPF Query-Ref.
1.3687772319978384,IPF Query-Ref.
1.4562789032991703,IPF Query-Ref.
2.1345701641427937,IPF Query-Ref.
0.9444616776577294,IPF Query-Ref.
1.558594247128797,IPF Query-Ref.
1.595527982803112,IPF Query-Ref.
1.4086350273154111,IPF Query-Ref.
1.7919829461074348,IPF Query-Ref.
1.4444756917357082,IPF Query-Ref.
1.3608783592454077,IPF Query-Ref.
1.5120387755145863,IPF Query-Ref.
0.8724800063403539,IPF Query-Ref.
1.921467747336062,IPF Query-Ref.
1.2372586705226636,IPF Query-Ref.
1.3130668829290646,IPF Query-Ref.
1.7820444236477675,IPF Query-Ref.
1.6685729757343035,IPF Query-Ref.
1.1217893845470306,IPF Query-Ref.
1.445370759149715,IPF Query-Ref.
0.8048751346102545,IPF Query-Ref.
1.229296874978948,IPF Query-Ref.
0.8196278807769272,IPF Query-Ref.
1.301050885827781,IPF Query-Ref.
1.7859053153140942,IPF Query-Ref.
1.4730398173846972,IPF Query-Ref.
1.8942319200568014,IPF Query-Ref.
2.1052841734336787,IPF Query-Ref.
1.3318039614744979,IPF Query-Ref.
1.3568251689259252,IPF Query-Ref.
1.5852324008298684,IPF Query-Ref.
1.259153023598059,IPF Query-Ref.
1.7285391333266353,IPF Query-Ref.
1.596106904946745,IPF Query-Ref.
1.618274707369555,IPF Query-Ref.
1.3967417770391028,IPF Query-Ref.
1.6413912706519391,IPF Query-Ref.
1.5375385081029451,IPF Query-Ref.
0.9274449000243418,IPF Query-Ref.
2.28087577530711,IPF Query-Ref.
1.7952908492730812,IPF Query-Ref.
1.5018167327158134,IPF Query-Ref.
0.9953714842105572,IPF Query-Ref.
1.812976898061062,IPF Query-Ref.
1.5436366721735724,IPF Query-Ref.
1.460234460962671,IPF Query-Ref.
1.547114587524088,IPF Query-Ref.
1.725704307307132,IPF Query-Ref.
1.5813215494487423,IPF Query-Ref.
0.9868028783349707,IPF Query-Ref.
2.2654684783872248,IPF Query-Ref.
1.2476201589066742,IPF Query-Ref.
1.0983405256585157,IPF Query-Ref.
1.2803068866308014,IPF Query-Ref.
1.4033781461361061,IPF Query-Ref.
2.520475919772958,IPF Query-Ref.
1.3697357642617882,IPF Query-Ref.
1.8623939051683622,IPF Query-Ref.
1.5817750258995493,IPF Query-Ref.
2.19003580929135,IPF Query-Ref.
0.9089273444504227,IPF Query-Ref.
1.1593590161471945,IPF Query-Ref.
1.4467404259660661,IPF Query-Ref.
1.6164491670865797,IPF Query-Ref.
1.7456593327107857,IPF Query-Ref.
1.2171177951692966,IPF Query-Ref.
1.995557734799595,IPF Query-Ref.
2.05219758912619,IPF Query-Ref.
1.2713923685796862,IPF Query-Ref.
0.8752843484268952,IPF Query-Ref.
1.9566906543501703,IPF Query-Ref.
1.771630369447327,IPF Query-Ref.
1.4965074071735989,IPF Query-Ref.
1.1830540964380691,IPF Query-Ref.
1.3133207442887271,IPF Query-Ref.
1.770027309287677,IPF Query-Ref.
1.761081437843607,IPF Query-Ref.
1.150799198844,IPF Query-Ref.
1.4293636302138422,IPF Query-Ref.
1.0871495973752943,IPF Query-Ref.
1.9117745380370028,IPF Query-Ref.
1.6425209226332855,IPF Query-Ref.
1.2770029889602676,IPF Query-Ref.
1.0635513810429247,IPF Query-Ref.
1.0630292879777885,IPF Query-Ref.
1.8086774493523128,IPF Query-Ref.
1.789046518586908,IPF Query-Ref.
1.4525888138098093,IPF Query-Ref.
2.3965311160889096,IPF Query-Ref.
1.6555900876058585,IPF Query-Ref.
1.1476568935599658,IPF Query-Ref.
1.9125503278320515,IPF Query-Ref.
1.9074839146605997,IPF Query-Ref.
0.9665378934833003,IPF Query-Ref.
1.9801559591499767,IPF Query-Ref.
1.0952047508038272,IPF Query-Ref.
1.6216501616033911,IPF Query-Ref.
1.3110516572615016,IPF Query-Ref.
1.1474490097293901,IPF Query-Ref.
1.4153617718142684,IPF Query-Ref.
1.1111356916863753,IPF Query-Ref.
1.9832474722211426,IPF Query-Ref.
1.0358256545923452,IPF Query-Ref.
1.1060743152174093,IPF Query-Ref.
1.5723202650447785,IPF Query-Ref.
1.0962279639092036,IPF Query-Ref.
1.2717221595936303,IPF Query-Ref.
0.9965969231270688,IPF Query-Ref.
2.1516295809648143,IPF Query-Ref.
1.2464903677060737,IPF Query-Ref.
1.0584795923158818,IPF Query-Ref.
2.121854007718614,IPF Query-Ref.
1.3588084882234701,IPF Query-Ref.
1.6269315396643724,IPF Query-Ref.
1.4430679947150975,IPF Query-Ref.
1.2595860278344657,IPF Query-Ref.
1.767183638130707,IPF Query-Ref.
1.5356209560803202,IPF Query-Ref.
2.8473438428688347,IPF Query-Ref.
1.2118837506133715,IPF Query-Ref.
2.071206589451193,IPF Query-Ref.
2.0955056608109457,IPF Query-Ref.
1.4178584524526956,IPF Query-Ref.
1.6092423094958868,IPF Query-Ref.
1.6083025755115257,IPF Query-Ref.
1.3637491742480572,IPF Query-Ref.
0.8130181165142829,IPF Query-Ref.
1.1142107833330694,IPF Query-Ref.
2.174384225883646,IPF Query-Ref.
1.1346884358613565,IPF Query-Ref.
1.450777518636549,IPF Query-Ref.
1.704546588442853,IPF Query-Ref.
2.1175524134281773,IPF Query-Ref.
1.5859149537693267,IPF Query-Ref.
1.6402114000012842,IPF Query-Ref.
1.5176438606550913,IPF Query-Ref.
2.0719492906237136,IPF Query-Ref.
2.202991636344723,IPF Query-Ref.
1.80926855701766,IPF Query-Ref.
1.2714153321085846,IPF Query-Ref.
1.6258463356314077,IPF Query-Ref.
1.7792075724425707,IPF Query-Ref.
1.7453915289901203,IPF Query-Ref.
1.0792619312612133,IPF Query-Ref.
1.4661844077693686,IPF Query-Ref.
1.8245200087058724,IPF Query-Ref.
1.0169143137839198,IPF Query-Ref.
1.9037599138491506,IPF Query-Ref.
1.2927479283819736,IPF Query-Ref.
1.6159883046718522,IPF Query-Ref.
2.1278845814707332,IPF Query-Ref.
0.7922726519999008,IPF Query-Ref.
1.6433085487762602,IPF Query-Ref.
1.8906346582071891,IPF Query-Ref.
2.273810403278022,IPF Query-Ref.
1.7048100275200515,IPF Query-Ref.
2.1442287398796793,IPF Query-Ref.
1.822212744410397,IPF Query-Ref.
1.8474066887782983,IPF Query-Ref.
1.964930557528103,IPF Query-Ref.
1.7280338085136964,IPF Query-Ref.
0.8381647422627478,IPF Query-Ref.
0.8754897225211605,IPF Query-Ref.
0.9417319623686939,IPF Query-Ref.
1.2117140300150617,IPF Query-Ref.
1.2747362325549378,IPF Query-Ref.
1.3028739530307267,IPF Query-Ref.
1.8515317188710136,IPF Query-Ref.
1.9973460559321188,IPF Query-Ref.
1.0587667672552397,IPF Query-Ref.
1.43553258773299,IPF Query-Ref.
3.0754214641102666,IPF Query-Ref.
1.745417848772479,IPF Query-Ref.
1.1795198250696781,IPF Query-Ref.
1.5744169988794683,IPF Query-Ref.
1.7781741286362915,IPF Query-Ref.
1.5098638450748303,IPF Query-Ref.
1.5246373138787652,IPF Query-Ref.
0.8876721616134515,IPF Query-Ref.
1.7051457352757662,IPF Query-Ref.
1.5843476118822444,IPF Query-Ref.
1.9656386298957331,IPF Query-Ref.
1.6024239490365684,IPF Query-Ref.
1.208253069449923,IPF Query-Ref.
1.3880126178523797,IPF Query-Ref.
1.5634883438513412,IPF Query-Ref.
1.349352581549853,IPF Query-Ref.
2.0893444159530463,IPF Query-Ref.
1.8531090356746642,IPF Query-Ref.
2.065119437304863,IPF Query-Ref.
1.0014366779124957,IPF Query-Ref.
1.0815247315461682,IPF Query-Ref.
1.5022039392002786,IPF Query-Ref.
1.4419462704032953,IPF Query-Ref.
1.38536932011782,IPF Query-Ref.
1.8033058249140308,IPF Query-Ref.
1.4184048366686277,IPF Query-Ref.
1.7977048580088786,IPF Query-Ref.
2.128770495832766,IPF Query-Ref.
2.1316423900197,IPF Query-Ref.
1.1622685265622499,IPF Query-Ref.
1.101921385958371,IPF Query-Ref.
1.7032783673685137,IPF Query-Ref.
1.2857909380489267,IPF Query-Ref.
1.573820539115954,IPF Query-Ref.
1.3947324112697173,IPF Query-Ref.
1.7213488253094045,IPF Query-Ref.
1.5602484860447088,IPF Query-Ref.
1.058841375782504,IPF Query-Ref.
1.5440273867479328,IPF Query-Ref.
2.5963279778089894,IPF Query-Ref.
1.3880837982107443,IPF Query-Ref.
1.0263672962576333,IPF Query-Ref.
1.7094847989838704,IPF Query-Ref.
1.426628583339334,IPF Query-Ref.
1.9953468351248764,IPF Query-Ref.
1.6610428679033193,IPF Query-Ref.
1.1947710045512916,IPF Query-Ref.
1.4388475403510146,IPF Query-Ref.
2.1014785828617613,IPF Query-Ref.
1.072661645881863,IPF Query-Ref.
1.5929387530958932,IPF Query-Ref.
2.0869671883168674,IPF Query-Ref.
1.1475068480719286,IPF Query-Ref.
1.2849646291670058,IPF Query-Ref.
1.6506530648804976,IPF Query-Ref.
1.2233383251359622,IPF Query-Ref.
0.9066102243307422,IPF Query-Ref.
1.130559915467803,IPF Query-Ref.
1.4140434622686844,IPF Query-Ref.
1.6274566474931007,IPF Query-Ref.
1.3567186103562627,IPF Query-Ref.
1.3508209102967863,IPF Query-Ref.
1.3609895709820723,IPF Query-Ref.
1.651394186998013,IPF Query-Ref.
1.461180413939652,IPF Query-Ref.
1.8474874887992978,IPF Query-Ref.
1.566143252014878,IPF Query-Ref.
1.856690717493878,IPF Query-Ref.
1.801276604996594,IPF Query-Ref.
1.250378692324728,IPF Query-Ref.
1.1799793272165717,IPF Query-Ref.
1.7039750166994205,IPF Query-Ref.
1.4388016268706347,IPF Query-Ref.
1.8336015943532011,IPF Query-Ref.
1.8274301637409394,IPF Query-Ref.
1.6195200344120149,IPF Query-Ref.
1.1033013417035544,IPF Query-Ref.
1.546114347407843,IPF Query-Ref.
1.5843165581568481,IPF Query-Ref.
2.2299832819892655,IPF Query-Ref.
1.8263260340122969,IPF Query-Ref.
1.4866963547579717,IPF Query-Ref.
1.8929029634923649,IPF Query-Ref.
1.821816369240523,IPF Query-Ref.
1.9090979383055307,IPF Query-Ref.
2.1443688453879868,IPF Query-Ref.
2.034095355126755,IPF Query-Ref.
1.6169016129351352,IPF Query-Ref.
1.1474988872675174,IPF Query-Ref.
1.5216004139736363,IPF Query-Ref.
1.656459325286796,IPF Query-Ref.
1.2732305975839011,IPF Query-Ref.
1.6100965799388363,IPF Query-Ref.
2.3484336405072637,IPF Query-Ref.
1.3328564169316182,IPF Query-Ref.
1.472299186774484,IPF Query-Ref.
1.7674478725369511,IPF Query-Ref.
1.2853660218017182,IPF Query-Ref.
1.835173486989194,IPF Query-Ref.
1.3299380300069696,IPF Query-Ref.
1.8414741697379795,IPF Query-Ref.
0.9843784748739878,IPF Query-Ref.
1.8056725519291543,IPF Query-Ref.
1.6770862258538308,IPF Query-Ref.
1.7061003509793817,IPF Query-Ref.
2.050700250912754,IPF Query-Ref.
2.073333220259058,IPF Query-Ref.
1.69061795706952,IPF Query-Ref.
1.3774649126423446,IPF Query-Ref.
1.0287188692996754,IPF Query-Ref.
1.7266916342968897,IPF Query-Ref.
1.035927224905821,IPF Query-Ref.
1.5600171036313257,IPF Query-Ref.
1.6011542274273314,IPF Query-Ref.
1.7598651607181024,IPF Query-Ref.
1.450942351478922,IPF Query-Ref.
1.6939555515468931,IPF Query-Ref.
1.1876845063239614,IPF Query-Ref.
1.2400202268834093,IPF Query-Ref.
1.4635580028569917,IPF Query-Ref.
1.1571762766172708,IPF Query-Ref.
1.410525358324628,IPF Query-Ref.
1.5637990608408832,IPF Query-Ref.
1.0497577794735156,IPF Query-Ref.
1.9804681380403228,IPF Query-Ref.
1.4741130679123648,IPF Query-Ref.
1.3069306000452652,IPF Query-Ref.
1.8236105946627426,IPF Query-Ref.
1.3447827962297048,IPF Query-Ref.
1.6460437617081938,IPF Query-Ref.
1.6485392292798973,IPF Query-Ref.
2.5403757374868587,IPF Query-Ref.
2.1160404478695,IPF Query-Ref.
1.1823003656157902,IPF Query-Ref.
1.6383391764379527,IPF Query-Ref.
1.5562852225064507,IPF Query-Ref.
1.2591007977364006,IPF Query-Ref.
1.676881075779024,IPF Query-Ref.
1.4956207681316884,IPF Query-Ref.
2.0073941559910966,IPF Query-Ref.
1.488221707683464,IPF Query-Ref.
1.6652614561634491,IPF Query-Ref.
1.352158803298074,IPF Query-Ref.
2.2568691205504954,IPF Query-Ref.
1.635137552507724,IPF Query-Ref.
1.3977165612179603,IPF Query-Ref.
1.9969151659769926,IPF Query-Ref.
1.066724995438118,IPF Query-Ref.
1.4932422324929144,IPF Query-Ref.
0.8132121616089945,IPF Query-Ref.
1.8341967738463265,IPF Query-Ref.
1.1504781112073987,IPF Query-Ref.
1.069598585159194,IPF Query-Ref.
1.4692838174643497,IPF Query-Ref.
1.8536482805454495,IPF Query-Ref.
1.6860741099933916,IPF Query-Ref.
1.4421059649404926,IPF Query-Ref.
2.175835178541778,IPF Query-Ref.
1.8601808207825834,IPF Query-Ref.
1.8096161640393842,IPF Query-Ref.
1.7275929848002625,IPF Query-Ref.
1.3747085319163739,IPF Query-Ref.
1.4026600536063956,IPF Query-Ref.
1.7151528761592816,IPF Query-Ref.
1.4603525520714726,IPF Query-Ref.
2.0666098656193803,IPF Query-Ref.
1.8194051344363826,IPF Query-Ref.
1.589220570988044,IPF Query-Ref.
1.4695850526381016,IPF Query-Ref.
2.1919590206258173,IPF Query-Ref.
1.608604916915189,IPF Query-Ref.
1.2463820969216417,IPF Query-Ref.
1.3211955919749807,IPF Query-Ref.
1.5485849244032488,IPF Query-Ref.
1.698099440801786,IPF Query-Ref.
1.4311170274622886,IPF Query-Ref.
0.8598767941719434,IPF Query-Ref.
2.4261136760659254,IPF Query-Ref.
1.97286822547715,IPF Query-Ref.
2.0199723797956275,IPF Query-Ref.
1.5445392601066146,IPF Query-Ref.
1.2425263057079117,IPF Query-Ref.
1.4039508832601615,IPF Query-Ref.
0.993538685115512,IPF Query-Ref.
1.726964791095328,IPF Query-Ref.
1.646446839342467,IPF Query-Ref.
1.167903283633876,IPF Query-Ref.
1.5231183205874665,IPF Query-Ref.
2.176084731853299,IPF Query-Ref.
1.9930398991232092,IPF Query-Ref.
1.11253514567844,IPF Query-Ref.
1.1609323757743983,IPF Query-Ref.
1.4339937837638315,IPF Query-Ref.
2.119170473049393,IPF Query-Ref.
1.1906661709638222,IPF Query-Ref.
0.7746313535846501,IPF Query-Ref.
1.5159129338820079,IPF Query-Ref.
0.9954740605447939,IPF Query-Ref.
1.4203076462410327,IPF Query-Ref.
1.5871894868848522,IPF Query-Ref.
1.7332747113782039,IPF Query-Ref.
2.0542193293502735,IPF Query-Ref.
0.8547160000337766,IPF Query-Ref.
1.8624592746140223,IPF Query-Ref.
1.4477444618806585,IPF Query-Ref.
2.124309662869677,IPF Query-Ref.
2.0956661624657817,IPF Query-Ref.
1.8889651337724749,IPF Query-Ref.
1.6815424865330875,IPF Query-Ref.
0.9772649176702272,IPF Query-Ref.
1.0083477631546323,IPF Query-Ref.
1.9754018843952883,IPF Query-Ref.
1.6662871071236387,IPF Query-Ref.
1.1063151168468297,IPF Query-Ref.
1.7235844096826554,IPF Query-Ref.
1.728086927568316,IPF Query-Ref.
1.9097056701112505,IPF Query-Ref.
1.2379283157276795,IPF Query-Ref.
1.6577420752778433,IPF Query-Ref.
2.604724834381243,IPF Query-Ref.
2.2881721317888792,IPF Query-Ref.
1.7706298478652849,IPF Query-Ref.
1.612098328650315,IPF Query-Ref.
1.4858764655249421,IPF Query-Ref.
1.6836744420943341,IPF Query-Ref.
1.5800829682620945,IPF Query-Ref.
1.9675672802982478,IPF Query-Ref.
1.8103688120846275,IPF Query-Ref.
0.9341919315410127,IPF Query-Ref.
1.806532280003432,IPF Query-Ref.
0.8234160764366227,IPF Query-Ref.
1.912068961691508,IPF Query-Ref.
1.3612417011813582,IPF Query-Ref.
2.148478262243414,IPF Query-Ref.
2.086338989045061,IPF Query-Ref.
2.501051797132369,IPF Query-Ref.
1.4103496894772953,IPF Query-Ref.
1.5203484686187265,IPF Query-Ref.
1.6940958073639287,IPF Query-Ref.
1.978972915217673,IPF Query-Ref.
1.637950625237596,IPF Query-Ref.
2.0316183417069977,IPF Query-Ref.
1.7545587414280395,IPF Query-Ref.
1.9112554504539687,IPF Query-Ref.
1.4553775231440864,IPF Query-Ref.
1.801524020679258,IPF Query-Ref.
1.6212530472654478,IPF Query-Ref.
1.5322180383164719,IPF Query-Ref.
1.4275137821063948,IPF Query-Ref.
1.5188318255844828,IPF Query-Ref.
1.1910608078552896,IPF Query-Ref.
1.0608566118830915,IPF Query-Ref.
1.7681816350930317,IPF Query-Ref.
2.216600256132899,IPF Query-Ref.
1.6763732059769416,IPF Query-Ref.
1.2077608964443545,IPF Query-Ref.
1.7728169447987159,IPF Query-Ref.
1.2514584009681624,IPF Query-Ref.
1.682599765385903,IPF Query-Ref.
1.415944747918853,IPF Query-Ref.
0.9536514255774343,IPF Query-Ref.
2.051014739473857,IPF Query-Ref.
1.4124791221610855,IPF Query-Ref.
1.3928815693330119,IPF Query-Ref.
1.236639362502844,IPF Query-Ref.
1.4808463950674104,IPF Query-Ref.
1.2719946643986355,IPF Query-Ref.
1.2546697087614576,IPF Query-Ref.
1.894677704748532,IPF Query-Ref.
2.17196653643377,IPF Query-Ref.
1.5182157553736915,IPF Query-Ref.
1.4869672173679553,IPF Query-Ref.
0.8545814023548631,IPF Query-Ref.
1.4687301669422836,IPF Query-Ref.
2.06556817403383,IPF Query-Ref.
1.1211943516661698,IPF Query-Ref.
1.3783211260227197,IPF Query-Ref.
1.5580889247879501,IPF Query-Ref.
1.6562036268717364,IPF Query-Ref.
1.3255437856475083,IPF Query-Ref.
