PROBLEM_KEY,accuracy,accuracyx,accuracy1,max(accuracy. accuracyx. accuracy1),precision,precisionx,precision1,max(precision. precisionx. precision1),recall,recallx,recall1,max(recall1. recallx. recall),f1,f1x,f11,max(f1. f1x. f11),auc,aucx,auc1,max(auc. aucx. auc1),aupr,auprx,aupr1,max(aupr. auprx. aupr1),time_taken
ref_0_que_1hr,0.5641116213352172,0.43588837866478275,0.48039561992228896,0.5641116213352172,0.41916167664670656,0.3564789502460361,0.4011887072808321,0.41916167664670656,0.3917910447761194,0.6082089552238806,0.7555970149253731,0.7555970149253731,0.40501446480231434,0.44950017235436057,0.5241022322872857,0.5241022322872857,0.5491849486224364,0.45081505137756356,0.5478572883168014,0.5491849486224364,0.38875865786271896,0.332558772701357,0.43975058367938463,0.43975058367938463,41.81610102416016
ref_0_que_1hr,0.5990815966089721,0.4009184033910279,0.5213705404450724,0.5990815966089721,0.4848630466122057,0.084,0.41470765521398434,0.4848630466122057,0.941231343283582,0.058768656716417914,0.6417910447761194,0.941231343283582,0.6400253726609578,0.06915477497255763,0.5038447455144636,0.6400253726609578,0.7472067957540326,0.2527932042459674,0.578473819079701,0.7472067957540326,0.5928367118511434,0.2581263046439757,0.4554850891510078,0.5928367118511434,41.46161153004505
ref_0_que_1hr,0.6520664076298128,0.34793359237018723,0.48145531614270576,0.6520664076298128,0.5219364599092284,0.04363207547169811,0.4104882459312839,0.5219364599092284,0.9654850746268657,0.03451492537313433,0.8470149253731343,0.9654850746268657,0.6775777414075287,0.03854166666666667,0.5529841656516443,0.6775777414075287,0.8463684632550719,0.153631536744928,0.5944025608172894,0.8463684632550719,0.7397348373356197,0.237496791710476,0.4596474660400648,0.7397348373356197,26.439371014013886
ref_0_que_1hr,0.5856587778170258,0.4143412221829742,0.49841045566937475,0.5856587778170258,0.47406266050333845,0.16855203619909503,0.4142857142857143,0.47406266050333845,0.8610074626865671,0.13899253731343283,0.7845149253731343,0.8610074626865671,0.6114607485922491,0.1523517382413088,0.5422308188265635,0.6114607485922491,0.7009009634884136,0.2990990365115865,0.6051802881555837,0.7009009634884136,0.5448748098482551,0.270341253747436,0.4816685747938116,0.5448748098482551,43.678425507154316
ref_0_que_1hr,0.6517131755563406,0.3482868244436595,0.5280819498410456,0.6517131755563406,0.5239420935412027,0.12657004830917876,0.4275521405049396,0.5239420935412027,0.8777985074626866,0.12220149253731344,0.726679104477612,0.8777985074626866,0.6562064156206415,0.12434741338395823,0.5383552176917761,0.6562064156206415,0.7681725327314537,0.23182746726854642,0.6105116119233281,0.7681725327314537,0.6350331319550917,0.2529385804969953,0.4768640316346661,0.6350331319550917,34.68031629617326
ref_0_que_1hr,0.5506888025432709,0.4493111974567291,0.6086188625927235,0.6086188625927235,0.1774193548387097,0.40341134470448237,0.46785714285714286,0.46785714285714286,0.051305970149253734,0.9486940298507462,0.24440298507462688,0.9486940298507462,0.07959479015918958,0.5661007514611746,0.32107843137254904,0.5661007514611746,0.4527250048789594,0.5472749951210406,0.5834185383486208,0.5834185383486208,0.3292910543784563,0.3977602575470699,0.44592044822653815,0.44592044822653815,36.93763554887846
ref_0_que_1hr,0.6552454962910632,0.3447545037089368,0.4369480748851996,0.6552454962910632,0.5247167868177137,0.05961754780652419,0.39708201892744477,0.5247167868177137,0.9505597014925373,0.049440298507462684,0.9393656716417911,0.9505597014925373,0.6761778367617783,0.05405405405405406,0.5582039911308204,0.6761778367617783,0.8136561012447711,0.18634389875522897,0.615848238907792,0.8136561012447711,0.675781091440978,0.24354231003053126,0.504978071163488,0.675781091440978,22.553802632028237
ref_0_que_1hr,0.555987283645355,0.444012716354645,0.5732956552454963,0.5732956552454963,0.32447817836812143,0.3910590277777778,0.4105263157894737,0.4105263157894737,0.15951492537313433,0.8404850746268657,0.291044776119403,0.8404850746268657,0.21388367729831145,0.5337677725118484,0.3406113537117904,0.5337677725118484,0.5163079217330063,0.4836920782669937,0.513899200699176,0.5163079217330063,0.36283659553256503,0.3491362643135899,0.40340158020476036,0.40340158020476036,36.848741414025426
ref_0_que_1hr,0.7845284351819145,0.2154715648180855,0.5390321441186859,0.7845284351819145,0.6465736040609137,0.04223107569721116,0.4108645753634277,0.6465736040609137,0.9505597014925373,0.049440298507462684,0.5009328358208955,0.9505597014925373,0.7696374622356495,0.04555221314997851,0.4514501891551072,0.7696374622356495,0.9154465732734849,0.08455342672651524,0.5469652872646432,0.9154465732734849,0.8629917175407288,0.22683748684222552,0.4109798927218531,0.8629917175407288,39.398388338973746
ref_0_que_1hr,0.5761215118332744,0.4238784881667255,0.5934298834334157,0.5934298834334157,0.2866666666666667,0.3895693401817463,0.4559643255295429,0.4559643255295429,0.08022388059701492,0.9197761194029851,0.38152985074626866,0.9197761194029851,0.12536443148688048,0.5473216763807938,0.4154393092940579,0.5473216763807938,0.44701344047245295,0.552986559527547,0.5862000755178061,0.5862000755178061,0.3381052890831807,0.42600312198586704,0.4535651848527336,0.4535651848527336,41.67750334297307
ref_0_que_1hr,0.5478629459554928,0.4521370540445072,0.6195690568703638,0.6195690568703638,0.16666666666666666,0.40492258832870187,0.4946004319654428,0.4946004319654428,0.048507462686567165,0.9514925373134329,0.21361940298507462,0.9514925373134329,0.07514450867052024,0.5680868838763575,0.298371335504886,0.5680868838763575,0.44568233307595057,0.5543176669240494,0.5740185867139572,0.5740185867139572,0.3244139339667391,0.39375423913037444,0.45747735304402004,0.45747735304402004,43.15755029395223
ref_0_que_1hr,0.5983751324620276,0.40162486753797244,0.5422112327799364,0.5983751324620276,0.4844571975131516,0.07972972972972973,0.43253012048192774,0.4844571975131516,0.9449626865671642,0.05503731343283582,0.6697761194029851,0.9449626865671642,0.6405311413215302,0.06512141280353201,0.5256222547584187,0.6405311413215302,0.7756614702213774,0.2243385297786225,0.6048716409425301,0.7756614702213774,0.6189047596076982,0.2512896703635233,0.4711907045851553,0.6189047596076982,34.50693240202963
ref_0_que_1hr,0.5012363122571529,0.4987636877428471,0.5535146591310491,0.5535146591310491,0.4167482859941234,0.28010139416983526,0.4060665362035225,0.4167482859941234,0.7938432835820896,0.20615671641791045,0.3871268656716418,0.7938432835820896,0.5465639049454079,0.23750671681891455,0.396370582617001,0.5465639049454079,0.5511214182074279,0.4488785817925721,0.5301567418733506,0.5511214182074279,0.38373330699239316,0.3252463709806145,0.4225234860259682,0.4225234860259682,32.696598497917876
ref_0_que_1hr,0.6407629812787001,0.35923701872129987,0.49028611797951255,0.6407629812787001,0.5138959070237493,0.06455399061032864,0.4106884930187771,0.5138959070237493,0.9486940298507462,0.051305970149253734,0.7957089552238806,0.9486940298507462,0.6666666666666666,0.057172557172557176,0.5417592886630677,0.6666666666666666,0.8181073561979755,0.18189264380202455,0.6077306050758148,0.8181073561979755,0.6975472127925995,0.24225692089352016,0.4911571951077377,0.6975472127925995,36.12912559509277
ref_0_que_1hr,0.5588131402331332,0.44118685976686683,0.55210173083716,0.5588131402331332,0.39324487334137515,0.3726273726273726,0.4350132625994695,0.4350132625994695,0.3041044776119403,0.6958955223880597,0.6119402985074627,0.6958955223880597,0.3429773803261441,0.4853610930383865,0.5085271317829457,0.5085271317829457,0.5658908767702138,0.4341091232297863,0.5928975079123994,0.5928975079123994,0.3912944316229092,0.3204268444063679,0.47356082243709874,0.47356082243709874,44.40284508909099
ref_0_que_1hr,0.7527375485694101,0.2472624514305899,0.46061462380784174,0.7527375485694101,0.615527950310559,0.06633906633906633,0.3998238661382651,0.615527950310559,0.9244402985074627,0.07555970149253731,0.8470149253731343,0.9244402985074627,0.7390007457121551,0.07064980375054514,0.5432246485192941,0.7390007457121551,0.8865201776789731,0.11347982232102705,0.5831565594426956,0.8865201776789731,0.80874410794241,0.2306028116911782,0.4542111262663061,0.80874410794241,35.71426480379887
ref_0_que_1hr,0.6015542211232779,0.398445778876722,0.45814199929353583,0.6015542211232779,0.4862340216322517,0.10414052697616061,0.4014505119453925,0.4862340216322517,0.9225746268656716,0.07742537313432836,0.8777985074626866,0.9225746268656716,0.6368319381841597,0.0888175494917068,0.5509367681498829,0.6368319381841597,0.7416813742543676,0.25831862574563225,0.5842970161981451,0.7416813742543676,0.5861701865225046,0.2594068782301932,0.4536039930305915,0.5861701865225046,31.673113188007846
ref_0_que_1hr,0.6308724832214765,0.3691275167785235,0.5252560932532674,0.6308724832214765,0.5066079295154186,0.046954314720812185,0.43039918116683723,0.5066079295154186,0.9654850746268657,0.03451492537313433,0.7845149253731343,0.9654850746268657,0.6645264847512039,0.03978494623655914,0.5558493060145406,0.6645264847512039,0.8072100413226647,0.19278995867733534,0.6121349265610548,0.8072100413226647,0.6787865684507979,0.24483258900460053,0.473464170453492,0.6787865684507979,30.612694652052596
ref_0_que_1hr,0.5898975626986931,0.41010243730130697,0.4009184033910279,0.5898975626986931,0.4767866458007303,0.17286652078774617,0.38199697428139184,0.4767866458007303,0.8526119402985075,0.14738805970149255,0.9421641791044776,0.9421641791044776,0.6115757778521245,0.15911379657603222,0.5435952637244349,0.6115757778521245,0.7237156669749604,0.27628433302503963,0.5526577600909608,0.7237156669749604,0.5957024185834117,0.2644792924710705,0.4297071608716694,0.5957024185834117,27.547477500978857
ref_0_que_1hr,0.5725891910985518,0.4274108089014482,0.610738255033557,0.610738255033557,0.3050847457627119,0.3891804602341542,0.4713740458015267,0.4713740458015267,0.10074626865671642,0.8992537313432836,0.23041044776119404,0.8992537313432836,0.1514726507713885,0.5432516201746971,0.30952380952380953,0.5432516201746971,0.5886098571949803,0.41139014280501984,0.5699799220215014,0.5886098571949803,0.4029107236771676,0.3084633693645312,0.4507893035967278,0.4507893035967278,37.50731418002397
ref_0_que_1hr,0.5570469798657718,0.4429530201342282,0.6125044154009184,0.6125044154009184,0.04950495049504951,0.40395587675922406,0.39316239316239315,0.40395587675922406,0.009328358208955223,0.9906716417910447,0.04291044776119403,0.9906716417910447,0.015698587127158554,0.5738989462307484,0.07737594617325484,0.5738989462307484,0.3821922225144884,0.6178077774855116,0.5945234741584855,0.6178077774855116,0.29782959059304653,0.4435729635439067,0.44338699877611026,0.4435729635439067,30.715794551884755
ref_0_que_1hr,0.7827622748145532,0.21723772518544684,0.5252560932532674,0.7827622748145532,0.6469453376205788,0.05172413793103448,0.4292403746097815,0.6469453376205788,0.9384328358208955,0.061567164179104475,0.769589552238806,0.9384328358208955,0.7658926532165968,0.056218057921635436,0.5511022044088176,0.7658926532165968,0.9043665625821998,0.09563343741780013,0.6309152079285212,0.9043665625821998,0.834054684223159,0.2282405665309909,0.5124484994136835,0.834054684223159,34.24820601497777
ref_0_que_1hr,0.5969622041681385,0.40303779583186156,0.5658777817025786,0.5969622041681385,0.48354792560801146,0.07901907356948229,0.4432393347794649,0.48354792560801146,0.9458955223880597,0.054104477611940295,0.5718283582089553,0.9458955223880597,0.639949510886715,0.06423034330011074,0.49938900203665987,0.639949510886715,0.7706475439742729,0.22935245602572696,0.6034538259526698,0.7706475439742729,0.6338821868198954,0.2525159267440238,0.4913101047687124,0.6338821868198954,28.453654003096744
ref_0_que_1hr,0.542917696926881,0.45708230307311903,0.6142705757682798,0.6142705757682798,0.10357142857142858,0.408859270874167,0.47368421052631576,0.47368421052631576,0.027052238805970148,0.9729477611940298,0.16791044776119404,0.9729477611940298,0.042899408284023666,0.5757659398288711,0.24793388429752067,0.5757659398288711,0.3626212315341994,0.6373787684658007,0.5580442373125842,0.6373787684658007,0.29139731750973674,0.48641807963721817,0.42518067521932124,0.48641807963721817,31.590585076017305
ref_0_que_1hr,0.5810667608618862,0.41893323913811376,0.5210173083716001,0.5810667608618862,0.39893617021276595,0.37362152624614026,0.3929110105580694,0.39893617021276595,0.20988805970149255,0.7901119402985075,0.48600746268656714,0.7901119402985075,0.27506112469437655,0.5073375262054507,0.43452877397831524,0.5073375262054507,0.5791876320500964,0.4208123679499037,0.520280561377309,0.5791876320500964,0.40688082615753585,0.3155901919435242,0.42350730669775555,0.42350730669775555,42.86721442989074
ref_0_que_4hr,0.7417417417417418,0.25825825825825827,0.5435435435435435,0.7417417417417418,0.7416750756811302,0.25806451612903225,0.613277133825079,0.7416750756811302,0.8930741190765492,0.10692588092345079,0.707168894289186,0.8930741190765492,0.8103638368246968,0.15120274914089346,0.6568848758465011,0.8103638368246968,0.7776260601995193,0.22237393980048079,0.5271981609283206,0.7776260601995193,0.8308086601586668,0.4564717550850821,0.6526058368348602,0.8308086601586668,28.50124373100698
ref_0_que_4hr,0.8633633633633634,0.13663663663663664,0.5345345345345346,0.8633633633633634,0.8894289185905225,0.1787819253438114,0.6358768406961178,0.8894289185905225,0.8894289185905225,0.11057108140947752,0.5771567436208992,0.8894289185905225,0.8894289185905225,0.13663663663663664,0.6050955414012739,0.8894289185905225,0.925265034960027,0.07473496503997308,0.5337234756163063,0.925265034960027,0.9484974966802998,0.41602911817575583,0.6415589970622051,0.9484974966802998,29.773852051002905
ref_0_que_4hr,0.8596096096096096,0.1403903903903904,0.5908408408408409,0.8596096096096096,0.8605442176870748,0.14222222222222222,0.6172006745362564,0.8605442176870748,0.9222357229647631,0.07776427703523693,0.8894289185905225,0.9222357229647631,0.8903225806451613,0.10054988216810684,0.7287207565953211,0.8903225806451613,0.9158930263757827,0.0841069736242173,0.5036177480920586,0.9158930263757827,0.9314444480863948,0.4191158037174159,0.6230925579437334,0.9314444480863948,21.6835630859714
ref_0_que_4hr,0.6073573573573574,0.39264264264264265,0.4587087087087087,0.6073573573573574,0.6948051948051948,0.5124555160142349,0.5593023255813954,0.6948051948051948,0.6500607533414338,0.34993924665856624,0.5844471445929527,0.6500607533414338,0.6716886377903327,0.41588447653429605,0.5715983363042186,0.6716886377903327,0.626673700845295,0.37332629915470494,0.4060543270940805,0.626673700845295,0.6781458373737715,0.5122954528542506,0.571192230791528,0.6781458373737715,25.474839330185205
ref_0_que_4hr,0.8783783783783784,0.12162162162162163,0.5690690690690691,0.8783783783783784,0.8829663962920047,0.1300639658848614,0.6120612061206121,0.8829663962920047,0.9258809234507898,0.07411907654921021,0.8262454434993924,0.9258809234507898,0.9039145907473309,0.09442724458204334,0.703205791106515,0.9039145907473309,0.925324714077349,0.07467528592265109,0.5175038851105377,0.925324714077349,0.93935424605076,0.4170557360189872,0.6407399912579474,0.93935424605076,18.083477720152587
ref_0_que_4hr,0.8738738738738738,0.12612612612612611,0.5690690690690691,0.8738738738738738,0.8777393310265282,0.13333333333333333,0.6173421300659755,0.8777393310265282,0.9246658566221142,0.07533414337788578,0.795868772782503,0.9246658566221142,0.9005917159763314,0.09627329192546584,0.6953290870488322,0.9005917159763314,0.9309417125996939,0.06905828740030603,0.5108066945646647,0.9309417125996939,0.9465287558431849,0.41573270868104983,0.6457655409910966,0.9465287558431849,22.306213528150693
ref_0_que_4hr,0.8716216216216216,0.12837837837837837,0.503003003003003,0.8716216216216216,0.87995337995338,0.14345991561181434,0.6012578616352201,0.87995337995338,0.9173754556500607,0.08262454434993925,0.5808019441069259,0.9173754556500607,0.8982748364069006,0.10485736314572089,0.5908529048207664,0.8982748364069006,0.9300536873339429,0.06994631266605714,0.48090626320400476,0.9300536873339429,0.9465726259202106,0.41598187553936916,0.6160915774553106,0.9465726259202106,27.7893717889674
ref_0_que_4hr,0.8483483483483484,0.15165165165165165,0.5457957957957958,0.8483483483483484,0.8508474576271187,0.15659955257270694,0.6081349206349206,0.8508474576271187,0.9149453219927096,0.0850546780072904,0.7448359659781288,0.9149453219927096,0.8817330210772834,0.11023622047244094,0.6695794647733478,0.8817330210772834,0.901505584771799,0.09849441522820102,0.4743630447808225,0.901505584771799,0.921827319089568,0.4221982639166394,0.5956808676288562,0.921827319089568,25.91556858900003
ref_0_que_4hr,0.8723723723723724,0.12762762762762764,0.5683183183183184,0.8723723723723724,0.8957575757575758,0.16568047337278108,0.6270491803278688,0.8957575757575758,0.8979343863912516,0.10206561360874848,0.7436208991494532,0.8979343863912516,0.8968446601941747,0.12631578947368421,0.6803779877709839,0.8968446601941747,0.9383156643359982,0.0616843356640018,0.5164583069750566,0.9383156643359982,0.9595016839591515,0.4137454800241549,0.6272616851053242,0.9595016839591515,28.48497525509447
ref_0_que_4hr,0.8903903903903904,0.10960960960960961,0.6493993993993994,0.8903903903903904,0.9133089133089133,0.14619883040935672,0.6751968503937008,0.9133089133089133,0.9088699878493317,0.0911300121506683,0.8335358444714459,0.9088699878493317,0.9110840438489647,0.1122754491017964,0.7460576400217509,0.9110840438489647,0.9500748376131217,0.04992516238687823,0.6006918003279964,0.9500748376131217,0.9660298334067754,0.4117539418659343,0.6733541287627086,0.9660298334067754,24.389954020036384
ref_0_que_4hr,0.8641141141141141,0.13588588588588588,0.6133633633633634,0.8641141141141141,0.91796875,0.20921985815602837,0.6237942122186495,0.91796875,0.8566221142162819,0.1433778857837181,0.9428918590522479,0.9428918590522479,0.8862350722815839,0.17015140591204037,0.7508466376390904,0.8862350722815839,0.9458137486363323,0.05418625136366782,0.52206575683863,0.9458137486363323,0.9647819923688156,0.41224624067264765,0.6471753507241697,0.9647819923688156,26.37981868395582
ref_0_que_4hr,0.8513513513513513,0.14864864864864866,0.5758258258258259,0.8513513513513513,0.8778718258766627,0.19207920792079208,0.6272189349112426,0.8778718258766627,0.8821385176184691,0.11786148238153099,0.772782503037667,0.8821385176184691,0.88,0.1460843373493976,0.6924333151878062,0.88,0.9090943813304624,0.09090561866953763,0.5022928716875106,0.9090943813304624,0.9261582506736197,0.42058114422673115,0.6122992514506405,0.9261582506736197,30.708168047014624
ref_0_que_4hr,0.8581081081081081,0.14189189189189189,0.6171171171171171,0.8581081081081081,0.8865853658536585,0.1875,0.6386182462356067,0.8865853658536585,0.8833535844471446,0.1166464155528554,0.8760631834750912,0.8833535844471446,0.8849665246500305,0.14382022471910114,0.7387295081967213,0.8849665246500305,0.9241382932249879,0.07586170677501211,0.5275848816085671,0.9241382932249879,0.9472147976898625,0.4168580433352438,0.6388850748279706,0.9472147976898625,24.87680867803283
ref_0_que_4hr,0.7357357357357357,0.26426426426426425,0.6171171171171171,0.7357357357357357,0.795483061480552,0.3532710280373832,0.6250999200639489,0.795483061480552,0.7703523693803159,0.22964763061968407,0.9501822600243013,0.9501822600243013,0.782716049382716,0.27835051546391754,0.7540983606557377,0.782716049382716,0.7920397606151247,0.2079602393848754,0.5281124450056934,0.7920397606151247,0.8157473755575368,0.4509901320602678,0.644848508322456,0.8157473755575368,22.699991153087467
ref_0_que_4hr,0.8168168168168168,0.1831831831831832,0.6336336336336337,0.8168168168168168,0.842603550295858,0.22792607802874743,0.6418289585097375,0.842603550295858,0.8651275820170109,0.13487241798298907,0.9210206561360875,0.9210206561360875,0.8537170263788969,0.16946564885496182,0.7564870259481038,0.8537170263788969,0.8705774790108545,0.12942252098914556,0.6067814574595316,0.8705774790108545,0.8952136674332407,0.4293464688040155,0.6908537170124014,0.8952136674332407,22.949818624882028
ref_0_que_4hr,0.7657657657657657,0.23423423423423423,0.53003003003003,0.7657657657657657,0.7507360157016683,0.1853035143769968,0.5926622765757291,0.7507360157016683,0.9295261239368166,0.07047387606318348,0.7654921020656136,0.9295261239368166,0.8306188925081434,0.10211267605633803,0.6680805938494168,0.8306188925081434,0.8280119453721232,0.1719880546278768,0.43139885463838035,0.8280119453721232,0.8617551930299059,0.44039066323754394,0.5755230953644122,0.8617551930299059,32.97163909091614
ref_0_que_4hr,0.5247747747747747,0.4752252252252252,0.5292792792792793,0.5292792792792793,0.6308539944903582,0.6023102310231023,0.608167770419426,0.6308539944903582,0.5565006075334143,0.44349939246658565,0.669501822600243,0.669501822600243,0.591349257585539,0.5108467459762072,0.6373626373626373,0.6373626373626373,0.512354770867997,0.487645229132003,0.4693523860904688,0.512354770867997,0.5962134115857323,0.5726283365312163,0.6008346351586499,0.6008346351586499,30.525732154026628
ref_0_que_4hr,0.8821321321321322,0.11786786786786786,0.44594594594594594,0.8821321321321322,0.8845265588914549,0.1223175965665236,0.5704809286898839,0.8845265588914549,0.9307411907654921,0.0692588092345079,0.41798298906439857,0.9307411907654921,0.9070455891059799,0.08844065166795965,0.48246844319775595,0.9070455891059799,0.9371865354362663,0.0628134645637337,0.4455857744081622,0.9371865354362663,0.9474638314435917,0.4146509941840123,0.5810706513751256,0.9474638314435917,27.301336867036298
ref_0_que_4hr,0.8430930930930931,0.1569069069069069,0.5968468468468469,0.8430930930930931,0.8358862144420132,0.14114832535885166,0.6341463414634146,0.8358862144420132,0.928311057108141,0.07168894289185905,0.8213851761846902,0.928311057108141,0.8796776050662061,0.09508460918614021,0.7157226045526733,0.8796776050662061,0.8980943264256743,0.10190567357432556,0.5289837601185944,0.8980943264256743,0.915429165990744,0.4226881730161739,0.6254640113971142,0.915429165990744,24.79231849894859
ref_0_que_4hr,0.6486486486486487,0.35135135135135137,0.5555555555555556,0.6486486486486487,0.7448275862068966,0.46622734761120266,0.6376638855780691,0.7448275862068966,0.6561360874848117,0.34386391251518833,0.6500607533414338,0.6561360874848117,0.6976744186046512,0.3958041958041958,0.6438026474127557,0.6976744186046512,0.708455576058648,0.29154442394135216,0.5506257952242383,0.708455576058648,0.7549527798774853,0.48108832672981594,0.6486313450294532,0.7549527798774853,29.57148128305562
ref_0_que_4hr,0.8678678678678678,0.13213213213213212,0.5848348348348348,0.8678678678678678,0.870561282932417,0.13725490196078433,0.6283269961977186,0.870561282932417,0.9234507897934386,0.07654921020656136,0.8031591737545565,0.9234507897934386,0.8962264150943396,0.09828393135725429,0.7050666666666666,0.8962264150943396,0.9174446834261543,0.08255531657384574,0.530375477134543,0.9174446834261543,0.935627011681726,0.41843177469603765,0.6436945517845813,0.935627011681726,24.048714163945988
ref_0_que_4hr,0.39414414414414417,0.6058558558558559,0.4271771771771772,0.6058558558558559,0.5177777777777778,0.6689342403628118,0.5515463917525774,0.6689342403628118,0.28311057108140947,0.7168894289185905,0.39003645200486026,0.7168894289185905,0.36606441476826396,0.6920821114369502,0.45693950177935944,0.6920821114369502,0.4207879075785318,0.5792120924214683,0.4202818286636414,0.5792120924214683,0.5394395853469696,0.6376066009750659,0.562334832280319,0.6376066009750659,36.96524304011837
ref_0_que_4hr,0.4602102102102102,0.5397897897897898,0.5487987987987988,0.5487987987987988,0.5773809523809523,0.6590909090909091,0.6123481781376519,0.6590909090909091,0.47144592952612396,0.528554070473876,0.7351154313487241,0.7351154313487241,0.5190635451505017,0.5866486850977748,0.6681391496410822,0.6681391496410822,0.43138214448553014,0.5686178555144697,0.48701263048839005,0.5686178555144697,0.5467299850868726,0.6307026684341225,0.607712224072497,0.6307026684341225,29.98331383499317
ref_0_que_4hr,0.8581081081081081,0.14189189189189189,0.5758258258258259,0.8581081081081081,0.8522222222222222,0.12962962962962962,0.6123693379790941,0.8522222222222222,0.9319562575941677,0.06804374240583232,0.8541919805589308,0.9319562575941677,0.8903076030179918,0.08924302788844622,0.7133434804667681,0.8903076030179918,0.9135870252824613,0.08641297471753873,0.4656642166399702,0.9135870252824613,0.9365191312139067,0.4194072240319597,0.5952896518268439,0.9365191312139067,28.005400752881542
ref_0_que_4hr,0.8303303303303303,0.16966966966966968,0.5690690690690691,0.8303303303303303,0.8708074534161491,0.2314990512333966,0.6110615521855486,0.8708074534161491,0.8517618469015796,0.14823815309842042,0.8323207776427703,0.8517618469015796,0.8611793611793612,0.18074074074074073,0.7047325102880658,0.8611793611793612,0.907182262411466,0.09281773758853398,0.48006836839680406,0.907182262411466,0.9354640251473585,0.42019328159749403,0.6134018033792681,0.9354640251473585,25.002466732868925
ref_0_que_1,0.8372528059861037,0.1627471940138963,0.5988776055585249,0.8372528059861037,0.8820010875475802,0.20599054125065686,0.7164556962025317,0.8820010875475802,0.8053624627606752,0.19463753723932473,0.4215491559086395,0.8053624627606752,0.8419413444069557,0.20015317845289762,0.5307908721475461,0.8419413444069557,0.9179990644194344,0.08200093558056568,0.6380168105667734,0.9179990644194344,0.9292207526667803,0.3471198406942464,0.7185932604999001,0.9292207526667803,43.297088847029954
ref_0_que_1,0.8083912346338856,0.19160876536611438,0.5702832709780866,0.8083912346338856,0.827029752899647,0.21262080727686186,0.7216157205240175,0.827029752899647,0.814299900695134,0.18570009930486595,0.3282025819265144,0.814299900695134,0.8206154615961971,0.19825072886297376,0.45119453924914676,0.8206154615961971,0.886572062690794,0.11342793730920595,0.6278127758468498,0.886572062690794,0.8916370985616613,0.3534424164131952,0.6867809030963159,0.8916370985616613,68.49412550684065
ref_0_que_1,0.7891501870657402,0.21084981293425975,0.6020844468198824,0.7891501870657402,0.7553147144643602,0.15040953090096798,0.7565982404692082,0.7565982404692082,0.8997020854021847,0.1002979145978153,0.3843098311817279,0.8997020854021847,0.8212100611828688,0.12034554661900507,0.509713533091867,0.8212100611828688,0.8691753213615799,0.13082467863841996,0.652650198609732,0.8691753213615799,0.8664778347152591,0.3579488078994009,0.7303429522605007,0.8664778347152591,53.178820790024474
ref_0_que_1,0.8281667557455906,0.1718332442544094,0.5988776055585249,0.8281667557455906,0.8485002541942044,0.19436619718309858,0.7497565725413826,0.8485002541942044,0.8286991062562066,0.17130089374379345,0.38232373386295926,0.8286991062562066,0.8384827932680231,0.18210609659540775,0.506412364353831,0.8384827932680231,0.9001328087645739,0.09986719123542609,0.6601012243002684,0.9001328087645739,0.9108637128127156,0.350414868620407,0.7280391985735561,0.9108637128127156,58.058497584890574
ref_0_que_1,0.7525387493319081,0.24746125066809194,0.585515766969535,0.7525387493319081,0.7394366197183099,0.2272108843537415,0.7232401157184185,0.7394366197183099,0.8341608738828202,0.16583912611717974,0.3723932472691162,0.8341608738828202,0.7839477368175455,0.19173363949483352,0.4916420845624385,0.7839477368175455,0.8243668740115487,0.1756331259884512,0.6241465988083417,0.8243668740115487,0.819294086526059,0.3689067760546879,0.702186580169863,0.819294086526059,68.2503065080382
ref_0_que_1,0.8129342597541421,0.18706574024585784,0.5844468198824159,0.8129342597541421,0.8443396226415094,0.2197382769901854,0.7297297297297297,0.8443396226415094,0.7999006951340616,0.20009930486593844,0.36196623634558095,0.7999006951340616,0.8215196328403875,0.20945945945945946,0.4839030866246266,0.8215196328403875,0.8953830708190813,0.10461692918091875,0.6185941752638935,0.8953830708190813,0.9098091077020143,0.35128315378031344,0.6980647581484233,0.9098091077020143,57.85159462620504
ref_0_que_1,0.8335114911811865,0.16648850881881347,0.6544628540887226,0.8335114911811865,0.8468827930174564,0.18192285549798504,0.718882817243473,0.8468827930174564,0.843098311817279,0.15690168818272096,0.5878848063555114,0.843098311817279,0.8449863150037322,0.16848840309250868,0.64681780934171,0.8449863150037322,0.9109250294236639,0.08907497057633601,0.7219259741991246,0.9109250294236639,0.9190846957046783,0.34846156955625046,0.7647186760854506,0.9190846957046783,50.40307328500785
ref_0_que_1,0.82896846606093,0.17103153393907003,0.619722073757349,0.82896846606093,0.8570686070686071,0.20077007700770078,0.6942800788954635,0.8570686070686071,0.8187686196623635,0.18123138033763656,0.5243296921549155,0.8187686196623635,0.8374809547993906,0.19050104384133612,0.5974540311173975,0.8374809547993906,0.9073246533524586,0.09267534664754129,0.6686648322851153,0.9073246533524586,0.9195696330463375,0.3490609501226246,0.7316953258336519,0.9195696330463375,55.55125578283332
ref_0_que_1,0.8367183324425441,0.1632816675574559,0.5766969535008017,0.8367183324425441,0.8423621278672523,0.17011222681630242,0.6812816188870152,0.8423621278672523,0.8570009930486594,0.14299900695134063,0.4011916583912612,0.8570009930486594,0.8496185084912626,0.15538171027785272,0.505,0.8496185084912626,0.9141179567104343,0.08588204328956564,0.6229401998510428,0.9141179567104343,0.9251215742581451,0.34776512802188236,0.6942938562113626,0.9251215742581451,37.84733208804391
ref_0_que_1,0.7928915018706574,0.2071084981293426,0.599946552645644,0.7928915018706574,0.8194945848375451,0.23571824736550195,0.7391304347826086,0.8194945848375451,0.7889771598808342,0.21102284011916583,0.39672293942403175,0.7889771598808342,0.8039463698456868,0.22268797484935812,0.5163166397415185,0.8039463698456868,0.8799732888300416,0.12002671116995844,0.6450368255544522,0.8799732888300416,0.8848149045020044,0.355160395280562,0.7176528954819099,0.8848149045020044,71.79661928187124
ref_0_que_1,0.8340459647247461,0.16595403527525387,0.6138428647781935,0.8340459647247461,0.8346948582412301,0.16676700782661047,0.765639589169001,0.8346948582412301,0.862462760675273,0.13753723932472692,0.407149950347567,0.862462760675273,0.8483516483516483,0.15074829931972789,0.5316045380875203,0.8483516483516483,0.9110375232171098,0.08896247678289014,0.6981649288315128,0.9110375232171098,0.9180147515107488,0.3487822967121856,0.7486960562808348,0.9180147515107488,47.905262304935604
ref_0_que_1,0.8086584714056654,0.1913415285943346,0.6301443078567611,0.8086584714056654,0.8228855721393035,0.20785219399538107,0.6859504132231405,0.8228855721393035,0.8212512413108243,0.17874875868917578,0.576961271102284,0.8212512413108243,0.8220675944333996,0.19220501868659903,0.6267529665587918,0.8220675944333996,0.8863533965942109,0.11364660340578911,0.6827281368384273,0.8863533965942109,0.8962678842984246,0.3532185841095415,0.7409964681657613,0.8962678842984246,35.36111904098652
ref_0_que_1,0.8383217530732229,0.16167824692677712,0.590860502405131,0.8383217530732229,0.9117475160724723,0.22353520433284096,0.7605177993527508,0.9117475160724723,0.7745779543197616,0.22542204568023833,0.3500496524329692,0.7745779543197616,0.8375838926174497,0.22447466007416564,0.47942876572594356,0.8375838926174497,0.9045230837838831,0.09547691621611681,0.6350408253337747,0.9045230837838831,0.9284753579915493,0.3499972952369365,0.7152394764150838,0.9284753579915493,53.72393359593116
ref_0_que_1,0.8182789951897381,0.1817210048102619,0.5689470871191876,0.8182789951897381,0.8288954635108481,0.1942823803967328,0.678539626001781,0.8288954635108481,0.8346573982125124,0.16534260178748758,0.37835153922542203,0.8346573982125124,0.8317664522513607,0.1786480686695279,0.4858144724258846,0.8317664522513607,0.9024050971900401,0.09759490280995992,0.5900746280664975,0.9024050971900401,0.9169795370168634,0.34993996796826243,0.6704728753315519,0.9169795370168634,49.919980778126046
ref_0_que_1,0.8238909673971139,0.17610903260288616,0.5865847140566542,0.8238909673971139,0.8501291989664083,0.20420586607636967,0.7291462217860648,0.8501291989664083,0.8167825223435948,0.18321747765640517,0.3689175769612711,0.8167825223435948,0.8331223094454292,0.19314315624182152,0.4899439498846027,0.8331223094454292,0.8998293772297621,0.10017062277023796,0.6115734419250431,0.8998293772297621,0.9134876877089231,0.3503537085259221,0.7002426908249155,0.9134876877089231,48.68442331114784
ref_0_que_1,0.8319080705505077,0.16809192944949225,0.5988776055585249,0.8319080705505077,0.8578811369509044,0.19590481460985057,0.7284060552092609,0.8578811369509044,0.8242303872889771,0.17576961271102284,0.40615690168818275,0.8242303872889771,0.8407191694099773,0.18529180842711332,0.5215173732865795,0.8407191694099773,0.9076200393541507,0.09237996064584943,0.6671841668505646,0.9076200393541507,0.921308243419189,0.34873624321766383,0.7283248493480152,0.921308243419189,64.86187628889456
ref_0_que_1,0.8190807055050775,0.1809192944949225,0.5820416889363976,0.8190807055050775,0.812529219261337,0.17217716781035558,0.7171814671814671,0.812529219261337,0.8629592850049652,0.13704071499503476,0.3689175769612711,0.8629592850049652,0.8369853118227787,0.15261266242742605,0.48721311475409834,0.8369853118227787,0.8956138052153444,0.10438619478465555,0.6189819412262312,0.8956138052153444,0.8952863042458588,0.35229623251074366,0.6956626351891098,0.8952863042458588,56.48234385019168
ref_0_que_1,0.8295029396044896,0.17049706039551044,0.619722073757349,0.8295029396044896,0.8326885880077369,0.17443249701314217,0.7240333586050038,0.8326885880077369,0.8550148957298908,0.14498510427010924,0.4741807348560079,0.8550148957298908,0.843704066634003,0.15835140997830802,0.573057305730573,0.843704066634003,0.9067404901798521,0.09325950982014786,0.6670008436316157,0.9067404901798521,0.9157826893015795,0.34942006400996917,0.7354374539755569,0.9157826893015795,41.9525209357962
ref_0_que_1,0.814537680384821,0.18546231961517906,0.5897915553180118,0.814537680384821,0.8459119496855346,0.21810250817884405,0.6694975230007078,0.8459119496855346,0.8013902681231381,0.19860973187686196,0.46971201588877853,0.8013902681231381,0.8230494645588985,0.2079002079002079,0.5520863729209221,0.8230494645588985,0.891612301850013,0.10838769814998714,0.6237023704439296,0.891612301850013,0.9080166177580833,0.35198441292817007,0.7020237672195052,0.9080166177580833,59.619944023899734
ref_0_que_1,0.8180117584179583,0.1819882415820417,0.5938001068947087,0.8180117584179583,0.8416196822142491,0.20770519262981574,0.696969696969697,0.8416196822142491,0.8152929493545183,0.18470705064548162,0.4339622641509434,0.8152929493545183,0.8282471626733922,0.19553219448094614,0.5348837209302325,0.8282471626733922,0.8960761360292766,0.10392386397072345,0.6206651816911251,0.8960761360292766,0.9041272006005368,0.35145818884565616,0.6984541095139174,0.9041272006005368,70.31249808194116
ref_0_que_1,0.8295029396044896,0.17049706039551044,0.5983431320149653,0.8295029396044896,0.8817980022197558,0.2190721649484536,0.7532210109018831,0.8817980022197558,0.7889771598808342,0.21102284011916583,0.37735849056603776,0.7889771598808342,0.8328092243186582,0.21497218007081437,0.5028117763810784,0.8328092243186582,0.9093256923755931,0.09067430762440694,0.653539661030196,0.9093256923755931,0.9253602394880895,0.348490376404274,0.7209126729787984,0.9253602394880895,63.54234523093328
ref_0_que_1,0.824959914484233,0.17504008551576697,0.5764297167290219,0.824959914484233,0.8409433015554441,0.19325328759291024,0.7841059602649006,0.8409433015554441,0.8321747765640516,0.16782522343594836,0.2939424031777557,0.8321747765640516,0.8365360618916895,0.1796439011427053,0.4275911881545684,0.8365360618916895,0.9027062300011035,0.0972937699988966,0.6425036319835227,0.9027062300011035,0.9194858677767566,0.34977911708759807,0.7071436799738915,0.9194858677767566,61.91109630605206
ref_0_que_1,0.859166221272047,0.14083377872795297,0.5817744521646179,0.859166221272047,0.8999462076385153,0.1810939989378651,0.6409290646578782,0.8999462076385153,0.8306852035749752,0.16931479642502484,0.5069513406156901,0.8306852035749752,0.8639297702039762,0.1750064151911727,0.566121430551705,0.8639297702039762,0.9280824161425576,0.07191758385744237,0.6353951161315238,0.9280824161425576,0.9398563792319368,0.3451754398662517,0.7032932813671571,0.9398563792319368,45.49057123507373
ref_0_que_1,0.7784607161945484,0.22153928380545163,0.590860502405131,0.7784607161945484,0.783900335409679,0.2283987915407855,0.7680355160932297,0.783900335409679,0.8123138033763655,0.18768619662363456,0.3435948361469712,0.8123138033763655,0.797854181906852,0.20605069501226492,0.47478559176672386,0.797854181906852,0.8629236547868624,0.13707634521313766,0.6566686550627092,0.8629236547868624,0.8673560190641252,0.35934388325743855,0.7143115013972345,0.8673560190641252,75.75930882594548
ref_0_que_1,0.848743987172635,0.15125601282736503,0.6467129877071085,0.848743987172635,0.907199100112486,0.20417515274949083,0.7232258064516129,0.907199100112486,0.8008937437934459,0.19910625620655412,0.5566037735849056,0.8008937437934459,0.8507383966244726,0.2016088486676722,0.6290684624017957,0.8507383966244726,0.923536115248814,0.07646388475118614,0.702429061385119,0.923536115248814,0.9387725792950117,0.34568558715542225,0.7677113448915062,0.9387725792950117,41.79718856490217
ref_0_que_3,0.5745366639806607,0.4254633360193392,0.44883158742949236,0.5745366639806607,0.4608695652173913,0.38169642857142855,0.4029692470837752,0.4608695652173913,0.31736526946107785,0.6826347305389222,0.7584830339321357,0.7584830339321357,0.375886524822695,0.4896206156048676,0.5263157894736842,0.5263157894736842,0.5805470140799482,0.41945298592005187,0.4888331445217673,0.5805470140799482,0.44105117082896106,0.33920041518882177,0.3982652040676734,0.44105117082896106,22.34232383291237
ref_0_que_3,0.6261079774375503,0.37389202256244963,0.5874294923448832,0.6261079774375503,0.5530085959885387,0.3452914798206278,0.48897795591182364,0.5530085959885387,0.3852295409181637,0.6147704590818364,0.4870259481037924,0.6147704590818364,0.4541176470588235,0.44221105527638194,0.488,0.488,0.6511598424772077,0.3488401575227923,0.6097588606570643,0.6511598424772077,0.5120755447051484,0.3111782101742432,0.5023374710578014,0.5120755447051484,28.907526886090636
ref_0_que_3,0.6800966962127317,0.31990330378726833,0.4939564867042707,0.6800966962127317,0.6019607843137255,0.265389876880985,0.43592330978809285,0.6019607843137255,0.6127744510978044,0.3872255489021956,0.8622754491017964,0.8622754491017964,0.6073194856577646,0.31493506493506496,0.579088471849866,0.6073194856577646,0.7390003776231322,0.26099962237686786,0.6298753843664023,0.7390003776231322,0.6233307541145814,0.2819640644558175,0.5319498238948918,0.6233307541145814,24.332122954074293
ref_0_que_3,0.5987107171635777,0.40128928283642223,0.500402900886382,0.5987107171635777,0.5032967032967033,0.3460559796437659,0.4307334109429569,0.5032967032967033,0.45708582834331335,0.5429141716566867,0.7385229540918163,0.7385229540918163,0.4790794979079498,0.4226884226884227,0.5441176470588235,0.5441176470588235,0.6165965366564169,0.3834034633435831,0.5762528996061931,0.6165965366564169,0.47783469229774705,0.3253853738785928,0.4871706258409445,0.4871706258409445,29.008449610089883
ref_0_que_3,0.7630942788074134,0.23690572119258663,0.48428686543110394,0.7630942788074134,0.6705107084019769,0.14826498422712933,0.4323271665043817,0.6705107084019769,0.812375249500998,0.18762475049900199,0.8862275449101796,0.8862275449101796,0.7346570397111913,0.1656387665198238,0.581151832460733,0.7346570397111913,0.8533500566434697,0.1466499433565302,0.6267276258294222,0.8533500566434697,0.7872628180402229,0.2540360657103171,0.5315080801550253,0.7872628180402229,23.83526286901906
ref_0_que_3,0.5334407735697019,0.4665592264302981,0.467365028203062,0.5334407735697019,0.4034653465346535,0.4038231780167264,0.4090909090909091,0.4090909090909091,0.3253493013972056,0.6746506986027944,0.718562874251497,0.718562874251497,0.3602209944751381,0.5052316890881914,0.5213613323678494,0.5213613323678494,0.5440281598964234,0.45597184010357666,0.5403733074391757,0.5440281598964234,0.40171224545182727,0.350984440821544,0.45289231021860576,0.45289231021860576,31.772257708013058
ref_0_que_3,0.6148267526188558,0.3851732473811442,0.6099919419822724,0.6148267526188558,0.5335276967930029,0.35412026726057905,0.5174537987679672,0.5335276967930029,0.3652694610778443,0.6347305389221557,0.5029940119760479,0.6347305389221557,0.43364928909952605,0.45461043602573264,0.5101214574898786,0.5101214574898786,0.6556562550574527,0.3443437449425474,0.6262502022981065,0.6556562550574527,0.5193656392639134,0.3066973415167858,0.5325832372835176,0.5325832372835176,29.846937590977177
ref_0_que_3,0.6422240128928284,0.3577759871071716,0.47139403706688154,0.6422240128928284,0.5626373626373626,0.31170483460559795,0.4252651880424301,0.5626373626373626,0.5109780439121756,0.48902195608782434,0.8802395209580839,0.8802395209580839,0.5355648535564853,0.38073038073038074,0.5734720416124838,0.5734720416124838,0.6793008577439716,0.32069914225602847,0.5805335275395156,0.6793008577439716,0.5337423432489454,0.3004074774307107,0.472761586340078,0.5337423432489454,24.630150084849447
ref_0_que_3,0.6244963738920226,0.37550362610797744,0.523771152296535,0.6244963738920226,0.5456919060052219,0.34032634032634035,0.4490950226244344,0.5456919060052219,0.4171656686626746,0.5828343313373253,0.7924151696606786,0.7924151696606786,0.47285067873303166,0.4297277409860191,0.5732851985559567,0.5732851985559567,0.6524437611263959,0.34755623887360415,0.6074877272482063,0.6524437611263959,0.5276476919029641,0.31233030806931106,0.4974944317950067,0.5276476919029641,31.00396105600521
ref_0_que_3,0.5697018533440773,0.43029814665592264,0.5278001611603546,0.5697018533440773,0.46466809421841543,0.3669250645994832,0.44640605296343,0.46466809421841543,0.43313373253493015,0.5668662674650699,0.7065868263473054,0.7065868263473054,0.44834710743801653,0.4454901960784314,0.5471406491499228,0.5471406491499228,0.5990100879322436,0.40098991206775636,0.5977369585154017,0.5990100879322436,0.46017707214047987,0.32794371530404537,0.5136942666862537,0.5136942666862537,28.714275708189234
ref_0_que_3,0.5076551168412571,0.492344883158743,0.45930701047542305,0.5076551168412571,0.4421052631578947,0.27835051546391754,0.4182692307692308,0.4421052631578947,0.8383233532934131,0.16167664670658682,0.8682634730538922,0.8682634730538922,0.5789110957960028,0.20454545454545456,0.5645684620376379,0.5789110957960028,0.5977585369800938,0.40224146301990615,0.552067486648325,0.5977585369800938,0.46966895042707046,0.332938002580048,0.4429370132055527,0.46966895042707046,23.169231879059225
ref_0_que_3,0.5632554391619662,0.43674456083803387,0.5930701047542305,0.5930701047542305,0.42379182156133827,0.39814814814814814,0.49514563106796117,0.49514563106796117,0.2275449101796407,0.7724550898203593,0.40718562874251496,0.7724550898203593,0.2961038961038961,0.5254582484725051,0.44687842278203727,0.5254582484725051,0.5685871500242757,0.4314128499757242,0.5959270647893402,0.5959270647893402,0.43694031635771013,0.35015418691351236,0.5043491909052514,0.5043491909052514,28.502500989940017
ref_0_que_3,0.6140209508460919,0.3859790491539081,0.580177276390008,0.6140209508460919,0.5284974093264249,0.3473684210526316,0.4695121951219512,0.5284974093264249,0.40718562874251496,0.592814371257485,0.3073852295409182,0.592814371257485,0.4599774520856821,0.43805309734513276,0.3715319662243667,0.4599774520856821,0.6468333603064143,0.3531666396935858,0.5655391918864972,0.6468333603064143,0.5007512841143352,0.3102566499714026,0.46900253321831803,0.5007512841143352,37.0030273378361
ref_0_que_3,0.5310233682514102,0.46897663174858983,0.4262691377921031,0.5310233682514102,0.3948051948051948,0.4077102803738318,0.40571939231456655,0.4077102803738318,0.3033932135728543,0.6966067864271457,0.906187624750499,0.906187624750499,0.3431151241534989,0.5143699336772292,0.5604938271604938,0.5604938271604938,0.514330797863732,0.485669202136268,0.5217268166369963,0.5217268166369963,0.3845115644217941,0.37029423358487634,0.424401385567609,0.424401385567609,21.71743162511848
ref_0_que_3,0.5987107171635777,0.40128928283642223,0.45608380338436744,0.5987107171635777,0.5026548672566372,0.3210059171597633,0.42314487632508835,0.5026548672566372,0.5668662674650699,0.43313373253493015,0.9560878243512974,0.9560878243512974,0.5328330206378987,0.36873406966864913,0.5866503368034293,0.5866503368034293,0.6386713060365755,0.3613286939634245,0.6275934617251981,0.6386713060365755,0.4823416307716657,0.31119035717154714,0.5253922970400497,0.5253922970400497,25.24857790209353
ref_0_que_3,0.5656728444802579,0.43432715551974216,0.5495568090249798,0.5656728444802579,0.4326241134751773,0.39520333680917624,0.4631979695431472,0.4631979695431472,0.2435129740518962,0.7564870259481038,0.7285429141716567,0.7564870259481038,0.3116219667943806,0.5191780821917809,0.5663304887509697,0.5663304887509697,0.5839914765064466,0.41600852349355344,0.6287506068943194,0.6287506068943194,0.4445720870473491,0.3359300573479588,0.5271275960984293,0.5271275960984293,25.333431381965056
ref_0_que_3,0.6390008058017728,0.36099919419822724,0.5060435132957293,0.6390008058017728,0.5674300254452926,0.3278301886792453,0.4360730593607306,0.5674300254452926,0.44510978043912175,0.5548902195608783,0.7624750499001997,0.7624750499001997,0.4988814317673378,0.41215715344699777,0.5548293391430646,0.5548293391430646,0.6899768031504558,0.31002319684954416,0.5839402276528025,0.6899768031504558,0.5717394996939709,0.29595778877610723,0.4965827930747051,0.5717394996939709,29.30566697800532
ref_0_que_3,0.6760676873489122,0.32393231265108785,0.47219983883964545,0.6760676873489122,0.5647058823529412,0.14495798319327732,0.42142857142857143,0.5647058823529412,0.8622754491017964,0.1377245508982036,0.8243512974051896,0.8622754491017964,0.6824644549763034,0.14124872057318322,0.5577312626603647,0.6824644549763034,0.7967011922101741,0.20329880778982576,0.5724038409667153,0.7967011922101741,0.7164597578858309,0.26595429948079746,0.4914117144406888,0.7164597578858309,23.437108609825373
ref_0_que_3,0.6833199033037872,0.3166800966962127,0.47219983883964545,0.6833199033037872,0.6153846153846154,0.2755498059508409,0.41755888650963596,0.6153846153846154,0.5748502994011976,0.4251497005988024,0.7784431137724551,0.7784431137724551,0.5944272445820433,0.33437990580847726,0.5435540069686411,0.5944272445820433,0.7290554027080973,0.27094459729190273,0.5753519987052921,0.7290554027080973,0.5876638329762394,0.28346090217296077,0.51641773664005,0.5876638329762394,26.616314897080883
ref_0_que_3,0.6406124093473006,0.35938759065269943,0.5036261079774376,0.6406124093473006,0.5675675675675675,0.3237410071942446,0.434881087202718,0.5675675675675675,0.46107784431137727,0.5389221556886228,0.7664670658682635,0.7664670658682635,0.5088105726872246,0.4044943820224719,0.5549132947976878,0.5549132947976878,0.6929222635809463,0.3070777364190538,0.588220855586125,0.6929222635809463,0.5549226543333922,0.29531706113658773,0.48773185956079057,0.5549226543333922,24.089061618084088
ref_0_que_3,0.48912167606768736,0.5108783239323127,0.5261885576148267,0.5261885576148267,0.27147766323024053,0.4442105263157895,0.4448669201520912,0.4448669201520912,0.15768463073852296,0.8423153692614771,0.7005988023952096,0.8423153692614771,0.1994949494949495,0.5816678152997933,0.5441860465116279,0.5816678152997933,0.44174623725521933,0.5582537627447808,0.5844958731186276,0.5844958731186276,0.34973919425542604,0.41942620190357316,0.4861812994511129,0.4861812994511129,21.731696794973686
ref_0_que_3,0.6107977437550363,0.38920225624496374,0.49798549556809024,0.6107977437550363,0.5205479452054794,0.33997509339975096,0.4252450980392157,0.5205479452054794,0.4550898203592814,0.5449101796407185,0.6926147704590818,0.6926147704590818,0.48562300319488816,0.4187116564417178,0.5269552012148823,0.5269552012148823,0.6521551491611371,0.34784485083886285,0.5574715433996871,0.6521551491611371,0.48985794170977115,0.30650640260469153,0.4513730296691124,0.48985794170977115,22.819401952903718
ref_0_que_3,0.6381950040290089,0.36180499597099114,0.4536663980660757,0.6381950040290089,0.5653266331658291,0.3274021352313167,0.41797961075069506,0.5653266331658291,0.4491017964071856,0.5508982035928144,0.9001996007984032,0.9001996007984032,0.5005561735261401,0.4107142857142857,0.5708860759493671,0.5708860759493671,0.6723714732696768,0.32762852673032317,0.5740384096671521,0.6723714732696768,0.5497675786200322,0.30344834711205726,0.487520068041268,0.5497675786200322,19.71771595487371
ref_0_que_3,0.5503626107977437,0.44963738920225627,0.4665592264302981,0.5503626107977437,0.41543026706231456,0.3993362831858407,0.40757749712973596,0.41543026706231456,0.27944111776447106,0.720558882235529,0.7085828343313373,0.720558882235529,0.3341288782816229,0.5138790035587188,0.5174927113702624,0.5174927113702624,0.49239898581215946,0.5076010141878405,0.5085828343313373,0.5085828343313373,0.40655239338754423,0.42319648606619176,0.4211060939089526,0.42319648606619176,22.514636027859524
ref_0_que_3,0.6236905721192587,0.37630942788074134,0.5713134568896051,0.6236905721192587,0.5512048192771084,0.34983498349834985,0.4786795048143054,0.5512048192771084,0.3652694610778443,0.6347305389221557,0.6946107784431138,0.6946107784431138,0.43937575030012005,0.451063829787234,0.5667752442996743,0.5667752442996743,0.642309974645304,0.35769002535469596,0.639402276528025,0.642309974645304,0.5177489042113915,0.3182227946414441,0.5346260868995121,0.5346260868995121,22.32885478506796
ref_0_que_7,0.6247316444826105,0.37526835551738946,0.6152855302705024,0.6247316444826105,0.5605633802816902,0.27502750275027504,0.5540345821325648,0.5605633802816902,0.7609942638623327,0.2390057361376673,0.7351816443594646,0.7609942638623327,0.6455798864557989,0.2557544757033248,0.6318816762530813,0.6455798864557989,0.6942052938187118,0.3057947061812882,0.6558675069931998,0.6942052938187118,0.6092859023492312,0.3317754073093451,0.5742197592862578,0.6092859023492312,35.77137689595111
ref_0_que_7,0.5680549592099614,0.43194504079003865,0.6101331043366252,0.6101331043366252,0.5393700787401575,0.42394288852278966,0.592741935483871,0.592741935483871,0.26195028680688337,0.7380497131931166,0.4216061185468451,0.7380497131931166,0.35263835263835264,0.538542029996512,0.49273743016759775,0.538542029996512,0.5828476220140117,0.4171523779859883,0.6600000894175786,0.6600000894175786,0.5137246461332517,0.3830969851226165,0.590445603059238,0.590445603059238,24.530270407907665
ref_0_que_7,0.5689136968656076,0.43108630313439245,0.622155431515672,0.622155431515672,0.5405405405405406,0.4229707344008835,0.5871848739495799,0.5871848739495799,0.2676864244741874,0.7323135755258127,0.5344168260038241,0.7323135755258127,0.35805626598465473,0.536226811340567,0.5595595595595596,0.5595595595595596,0.6154783318852654,0.38452166811473465,0.6808276789133976,0.6808276789133976,0.5225974854694518,0.36537979092614636,0.6150210801947897,0.6150210801947897,31.27696867985651
ref_0_que_7,0.6294547015886647,0.3705452984113353,0.5963933018462859,0.6294547015886647,0.5596868884540117,0.23618090452261306,0.5312868949232585,0.5596868884540117,0.8202676864244742,0.17973231357552583,0.8604206500956023,0.8604206500956023,0.6653741760372237,0.20412595005428882,0.656934306569343,0.6653741760372237,0.7185134625616051,0.281486537438395,0.6816443594646271,0.7185134625616051,0.6383602712646552,0.32379667041919064,0.6154857542820091,0.6383602712646552,24.35688381898217
ref_0_que_7,0.6500644053241734,0.3499355946758265,0.6273078574495492,0.6500644053241734,0.5869074492099323,0.266,0.5791814946619217,0.5869074492099323,0.745697896749522,0.25430210325047803,0.6223709369024857,0.745697896749522,0.6568421052631579,0.260019550342131,0.6,0.6568421052631579,0.7468640510037868,0.25313594899621317,0.6617362807354298,0.7468640510037868,0.714735310746676,0.316744856476321,0.5848773697600136,0.714735310746676,37.131575000006706
ref_0_que_7,0.6114212108200945,0.3885787891799055,0.6097037355088021,0.6114212108200945,0.5501779359430605,0.29545454545454547,0.5644402634054563,0.5644402634054563,0.7390057361376673,0.2609942638623327,0.5736137667304015,0.7390057361376673,0.6307629538963688,0.27715736040609135,0.5689900426742532,0.6307629538963688,0.6839796485591103,0.31602035144088975,0.6420167240677845,0.6839796485591103,0.6084899658403433,0.33814338138610023,0.5910847468560093,0.6084899658403433,32.804956255014986
ref_0_que_7,0.6161442679261485,0.38385573207385143,0.6157148990983254,0.6161442679261485,0.6637931034482759,0.39571045576407504,0.5915151515151515,0.6637931034482759,0.2944550669216061,0.7055449330783938,0.4665391969407266,0.7055449330783938,0.40794701986754967,0.5070422535211268,0.5216461785141635,0.5216461785141635,0.6361315571028108,0.3638684428971891,0.6670432140254452,0.6670432140254452,0.6086500875762556,0.36625417375890446,0.6194506651186722,0.6194506651186722,33.261171648977324
ref_0_que_7,0.5835122370115929,0.41648776298840706,0.5869471876341777,0.5869471876341777,0.5257452574525745,0.31652989449003516,0.5264483627204031,0.5264483627204031,0.7418738049713193,0.25812619502868067,0.7992351816443595,0.7992351816443595,0.6153846153846154,0.2843601895734597,0.6347760060744115,0.6347760060744115,0.6131013145874348,0.3868986854125652,0.6589479425760311,0.6589479425760311,0.5215890167520278,0.3620804382421952,0.5785624246665879,0.5785624246665879,35.47498488705605
ref_0_que_7,0.6024044654358094,0.39759553456419067,0.6187204808930872,0.6187204808930872,0.54,0.28468033775633295,0.5594879518072289,0.5594879518072289,0.7743785850860421,0.22562141491395793,0.7103250478011472,0.7743785850860421,0.6362922230950511,0.2517333333333333,0.6259477674810446,0.6362922230950511,0.6722711617876957,0.32772883821230414,0.6684642083787251,0.6722711617876957,0.5868395643371325,0.3412024975753416,0.6132436263018008,0.6132436263018008,37.56514250510372
ref_0_que_7,0.5899527694289395,0.4100472305710605,0.6148561614426793,0.6148561614426793,0.5299145299145299,0.297029702970297,0.569821930646673,0.569821930646673,0.7705544933078394,0.2294455066921606,0.5812619502868069,0.7705544933078394,0.6279703934553954,0.2588996763754045,0.5754850922858495,0.6279703934553954,0.61948647484609,0.38051352515391,0.6557311451858321,0.6557311451858321,0.5120756997337665,0.35872604876299563,0.5872639606705434,0.5872639606705434,49.45751001313329
ref_0_que_7,0.5959639330184628,0.40403606698153716,0.6337483898668956,0.6337483898668956,0.5338055376690277,0.27963917525773196,0.5896007428040855,0.5896007428040855,0.7925430210325047,0.2074569789674952,0.607074569789675,0.7925430210325047,0.6379376683339746,0.23819978046103182,0.598210080075365,0.6379376683339746,0.649106792904417,0.3508932070955829,0.6763731932060524,0.6763731932060524,0.5506069165968102,0.34792129414229217,0.6207388167206417,0.6207388167206417,35.75066049490124
ref_0_que_7,0.6818376985830829,0.31816230141691715,0.605410047230571,0.6818376985830829,0.656731757451182,0.3001474926253687,0.5435229609321454,0.656731757451182,0.6108986615678776,0.38910133843212236,0.7581261950286807,0.7581261950286807,0.6329866270430906,0.3388842631140716,0.6331337325349301,0.6331337325349301,0.738352242667386,0.26164775733261403,0.6616356859595027,0.738352242667386,0.6976005774326862,0.3196600418329452,0.5913538060579443,0.6976005774326862,38.103447903180495
ref_0_que_7,0.6058394160583942,0.39416058394160586,0.635036496350365,0.635036496350365,0.5442600276625172,0.29331823329558326,0.5707070707070707,0.5707070707070707,0.7523900573613767,0.24760994263862332,0.7562141491395793,0.7562141491395793,0.6316211878009631,0.2685329186106791,0.6504934210526315,0.6504934210526315,0.656477781967157,0.3435222180328431,0.6975972006336726,0.6975972006336726,0.5678707683018359,0.34577362800650896,0.6314093764510309,0.6314093764510309,25.65132087492384
ref_0_que_7,0.5547445255474452,0.44525547445255476,0.6028338342636325,0.6028338342636325,0.5085714285714286,0.4318181818181818,0.5699421965317919,0.5699421965317919,0.2552581261950287,0.7447418738049714,0.4713193116634799,0.7447418738049714,0.33991088478676,0.5466666666666666,0.5159602302459445,0.5466666666666666,0.584387094658939,0.415612905341061,0.6546916658345864,0.6546916658345864,0.49735717999214946,0.38497422228927647,0.5928367232301577,0.5928367232301577,38.967015424976125
ref_0_que_7,0.6058394160583942,0.39416058394160586,0.5916702447402319,0.6058394160583942,0.5435967302452316,0.2880371660859466,0.5286662643331321,0.5435967302452316,0.762906309751434,0.23709369024856597,0.8374760994263862,0.8374760994263862,0.6348448687350835,0.26009438909281596,0.6481687014428413,0.6481687014428413,0.6775982140328967,0.3224017859671032,0.6609568575086175,0.6775982140328967,0.6002769356752057,0.34125656623091094,0.5767424812101153,0.6002769356752057,36.94011152908206
ref_0_que_7,0.5929583512237011,0.40704164877629884,0.6277372262773723,0.6277372262773723,0.5335616438356164,0.30724971231300346,0.5846736045411542,0.5846736045411542,0.7447418738049714,0.2552581261950287,0.5908221797323135,0.7447418738049714,0.62170790103751,0.27885117493472583,0.5877318116975749,0.62170790103751,0.6444928458485654,0.35550715415143463,0.6754976460822434,0.6754976460822434,0.5454658958929783,0.34832615180953097,0.596308202559258,0.596308202559258,40.3206589280162
ref_0_que_7,0.6062687848862173,0.39373121511378273,0.622155431515672,0.622155431515672,0.5444521019986216,0.29157175398633256,0.5647425897035881,0.5647425897035881,0.7552581261950286,0.2447418738049713,0.6921606118546845,0.7552581261950286,0.6327593111734081,0.2661122661122661,0.6219931271477663,0.6327593111734081,0.668830075304504,0.3311699246954959,0.6628025853602559,0.668830075304504,0.5864207146402486,0.3418836014597893,0.6024167882251321,0.6024167882251321,36.22587578906678
ref_0_que_7,0.549162730785745,0.45083726921425504,0.6019750966079863,0.6019750966079863,0.49363057324840764,0.4421836228287841,0.561025641025641,0.561025641025641,0.14818355640535372,0.8518164435946463,0.5229445506692161,0.8518164435946463,0.22794117647058823,0.5821626919307415,0.541316180108857,0.5821626919307415,0.5293937935258692,0.47060620647413076,0.6470032443678103,0.6470032443678103,0.4702759515575461,0.42875118330011464,0.5771514897008014,0.5771514897008014,39.5185112899635
ref_0_que_7,0.45985401459854014,0.5401459854014599,0.6157148990983254,0.6157148990983254,0.4445026178010471,0.4701670644391408,0.5556374355195284,0.5556374355195284,0.8116634799235182,0.18833652007648183,0.7208413001912046,0.8116634799235182,0.574424898511502,0.2689419795221843,0.6275488972118186,0.6275488972118186,0.45957803844657824,0.5404219615534218,0.6793962525092808,0.6793962525092808,0.4115831419560845,0.4619601462762557,0.6149161710492761,0.6149161710492761,51.15272980602458
ref_0_que_7,0.5440103048518677,0.45598969514813226,0.6178617432374409,0.6178617432374409,0.4820627802690583,0.44131704726500265,0.5792682926829268,0.5792682926829268,0.2055449330783939,0.7944550669216062,0.5449330783938815,0.7944550669216062,0.28820375335120646,0.5674291567087744,0.5615763546798029,0.5674291567087744,0.5425828863696314,0.45741711363036863,0.6574121956635456,0.6574121956635456,0.47779168355595014,0.4167668548069929,0.598985143295411,0.598985143295411,44.061669368995354
ref_0_que_7,0.6019750966079863,0.39802490339201374,0.605410047230571,0.605410047230571,0.6257928118393234,0.4040948275862069,0.6056572379367721,0.6257928118393234,0.2829827915869981,0.7170172084130019,0.3479923518164436,0.7170172084130019,0.3897300855826201,0.5168849069607168,0.44201578627808136,0.5168849069607168,0.6381039598574685,0.3618960401425316,0.6716519450558787,0.6716519450558787,0.5784663075163659,0.35894041950787836,0.6042079803389782,0.6042079803389782,30.174003871157765
ref_0_que_7,0.6066981537140403,0.39330184628595966,0.600686990124517,0.6066981537140403,0.6086956521739131,0.39399191218948587,0.5695443645083933,0.6086956521739131,0.3479923518164436,0.6520076481835564,0.4541108986615679,0.6520076481835564,0.44282238442822386,0.49117752970831835,0.5053191489361702,0.5053191489361702,0.6261190237388768,0.37388097626112315,0.6521872284872483,0.6521872284872483,0.5791776107365239,0.36789061504453735,0.6001254674457168,0.6001254674457168,30.567207985091954
ref_0_que_7,0.6101331043366252,0.38986689566337485,0.6401889222842422,0.6401889222842422,0.544921875,0.2635561160151324,0.6046277665995976,0.6046277665995976,0.8001912045889101,0.19980879541108987,0.5745697896749522,0.8001912045889101,0.6483346243222309,0.22729744426318652,0.5892156862745098,0.6483346243222309,0.6893208585875896,0.31067914141241026,0.6998423270030656,0.6998423270030656,0.6073663939327777,0.33316838704434215,0.6164992268456423,0.6164992268456423,23.319690792821348
ref_0_que_7,0.6002576212966939,0.39974237870330614,0.6170030055817948,0.6170030055817948,0.5382059800664452,0.28640776699029125,0.5771543086172345,0.5771543086172345,0.7743785850860421,0.22562141491395793,0.5506692160611855,0.7743785850860421,0.6350450803606429,0.25240641711229944,0.5636007827788649,0.6350450803606429,0.6558093855671087,0.3441906144328914,0.6565217456099695,0.6565217456099695,0.5700727217969945,0.34572756246670133,0.5986939996257811,0.5986939996257811,37.71336494595744
ref_0_que_7,0.6058394160583942,0.39416058394160586,0.6114212108200945,0.6114212108200945,0.5426098535286284,0.279322853688029,0.5501779359430605,0.5501779359430605,0.7791586998087954,0.2208413001912046,0.7390057361376673,0.7791586998087954,0.6397174254317112,0.24666310731446878,0.6307629538963688,0.6397174254317112,0.6890883728832251,0.3109116271167749,0.6835482087423567,0.6890883728832251,0.612986698251895,0.3344310871681326,0.6299662105502344,0.6299662105502344,28.627959980862215
ref_0_que_1-7,0.7306318082788671,0.2693681917211329,0.6483660130718955,0.7306318082788671,0.8172793131204722,0.3110480123902943,0.6263560377022942,0.8172793131204722,0.5582844574780058,0.44171554252199413,0.6455278592375366,0.6455278592375366,0.6633997604268758,0.3650408966979703,0.6357974546439209,0.6633997604268758,0.8171650751359698,0.1828349248640303,0.7057719744026614,0.8171650751359698,0.8223620400867409,0.31786715075212424,0.7091716417040542,0.8223620400867409,75.38687501195818
ref_0_que_1-7,0.7552941176470588,0.2447058823529412,0.664488017429194,0.7552941176470588,0.7600157109190888,0.2484725050916497,0.6329030122476001,0.7600157109190888,0.7093108504398827,0.2906891495601173,0.7008797653958945,0.7093108504398827,0.7337883959044369,0.2679280344623701,0.6651591581144547,0.7337883959044369,0.8055217160565346,0.19447828394346545,0.7319577630270516,0.8055217160565346,0.8189912525186629,0.3301761072625124,0.730917396551693,0.8189912525186629,102.9730433858931
ref_0_que_1-7,0.7770806100217865,0.2229193899782135,0.6881045751633987,0.7770806100217865,0.7940340909090909,0.23568046433480982,0.6909460834181078,0.7940340909090909,0.7171920821114369,0.2828079178885631,0.6224340175953079,0.7171920821114369,0.7536594761171033,0.2571023910688994,0.6549030951692218,0.7536594761171033,0.863693230844262,0.13630676915573803,0.7472817170114774,0.863693230844262,0.8598264681065284,0.3063688374637707,0.7630315517562969,0.8598264681065284,67.09760830597952
ref_0_que_1-7,0.7184313725490196,0.2815686274509804,0.6459259259259259,0.7184313725490196,0.8306092124814265,0.3281134401972873,0.5923372663396527,0.8306092124814265,0.5122800586510264,0.4877199413489736,0.8189149560117303,0.8189149560117303,0.6337149982995125,0.3923042901371075,0.6874374951919379,0.6874374951919379,0.8252251758726886,0.1747748241273114,0.7460491830854299,0.8252251758726886,0.8301500181814481,0.3153725134065128,0.7355041798450814,0.8301500181814481,88.24240730889142
ref_0_que_1-7,0.7318518518518519,0.26814814814814814,0.6661437908496732,0.7318518518518519,0.88064,0.3238323353293413,0.6309427880741337,0.88064,0.5043988269794721,0.49560117302052786,0.7175586510263929,0.7175586510263929,0.6414170842559143,0.391713747645951,0.6714689992281966,0.6714689992281966,0.8497567149286303,0.1502432850713698,0.7487870765060202,0.8497567149286303,0.8494952643910427,0.30939547066829226,0.7481740217927579,0.8494952643910427,98.55217554001138
ref_0_que_1-7,0.7471023965141612,0.2528976034858388,0.6610021786492375,0.7471023965141612,0.8716530849825378,0.3061326035576564,0.7069238900634249,0.8716530849825378,0.5489369501466276,0.4510630498533724,0.4902859237536657,0.5489369501466276,0.6736392262708052,0.3647276769173768,0.579004329004329,0.6736392262708052,0.8397250197200555,0.16027498027994438,0.7028373980927454,0.8397250197200555,0.8452162881055065,0.31184159329785827,0.7202572948495202,0.8452162881055065,64.11620845994912
ref_0_que_1-7,0.7705446623093682,0.2294553376906318,0.6901089324618737,0.7705446623093682,0.8462104488594555,0.27115436604487697,0.6663165266106442,0.8462104488594555,0.6323313782991202,0.36766862170087977,0.6975806451612904,0.6975806451612904,0.7238015315220812,0.3121207406254862,0.6815902578796562,0.7238015315220812,0.8543629283174151,0.1456370716825848,0.7565697688015321,0.8543629283174151,0.8566335793418746,0.3083179249827939,0.7556374711464275,0.8566335793418746,73.25170480995439
ref_0_que_1-7,0.7213071895424836,0.2786928104575163,0.6374727668845316,0.7213071895424836,0.7914300464636035,0.31443231153795553,0.6067897165458142,0.7914300464636035,0.5619501466275659,0.438049853372434,0.6748533724340176,0.6748533724340176,0.6572347266881029,0.3660871563146205,0.6390142311697328,0.6572347266881029,0.8266436130406207,0.17335638695937938,0.6970112879352237,0.8266436130406207,0.8111575825439034,0.3148787985451945,0.7000828877206,0.8111575825439034,112.83149608713575
ref_0_que_1-7,0.72,0.28,0.6367755991285403,0.72,0.8227338129496403,0.324625,0.6229476899579992,0.8227338129496403,0.5240102639296188,0.47598973607038125,0.5980571847507331,0.5980571847507331,0.6402418542156534,0.3859988109393579,0.6102487376098747,0.6402418542156534,0.8181081877086196,0.18189181229138032,0.6833352649405914,0.8181081877086196,0.8213080049744026,0.3172493917286052,0.6863835360469791,0.8213080049744026,91.30077318591066
ref_0_que_1-7,0.7548583877995643,0.24514161220043573,0.6569063180827887,0.7548583877995643,0.800136270724506,0.2733314479638009,0.6151630022744503,0.800136270724506,0.6457111436950147,0.35428885630498536,0.7435850439882697,0.7435850439882697,0.7146769449234203,0.3085887611749681,0.6733051199070617,0.7146769449234203,0.8357900373158507,0.16420996268414925,0.7327369884174211,0.8357900373158507,0.8381791738412838,0.3127968733929851,0.7203624289633221,0.8381791738412838,102.88030571700074
ref_0_que_1-7,0.7465795206971677,0.25342047930283224,0.6687581699346405,0.7465795206971677,0.8688477127967574,0.30607156214935793,0.646434259423111,0.8688477127967574,0.5500366568914956,0.4499633431085044,0.6695381231671554,0.6695381231671554,0.673625140291807,0.36432440454106996,0.6577833798505447,0.673625140291807,0.8619530029296281,0.138046997070372,0.7300341897529767,0.8619530029296281,0.8579986862896032,0.30672041033686864,0.7392157343121121,0.8579986862896032,68.88944104197435
ref_0_que_1-7,0.6457516339869281,0.3542483660130719,0.6871459694989107,0.6871459694989107,0.6167926112510496,0.3230072463768116,0.6767045454545455,0.6767045454545455,0.6732038123167156,0.32679618768328444,0.654875366568915,0.6732038123167156,0.6437647883621067,0.32489067055393583,0.6656110283159463,0.6656110283159463,0.7021429177838117,0.29785708221618834,0.7536445257174373,0.7536445257174373,0.6459521749406871,0.35483638295983916,0.7414192792934415,0.7414192792934415,126.18246072903275
ref_0_que_1-7,0.7527668845315905,0.2472331154684096,0.7097167755991285,0.7527668845315905,0.755014605647517,0.24905362776025236,0.718306965276351,0.755014605647517,0.7105938416422287,0.2894061583577713,0.6407624633431085,0.7105938416422287,0.7321310546690586,0.26771787046456424,0.6773224837740967,0.7321310546690586,0.8413114397272762,0.15868856027272388,0.7781873316365235,0.8413114397272762,0.829173756955248,0.3114850666401238,0.7720353980137697,0.829173756955248,79.05877814884298
ref_0_que_1-7,0.7194771241830066,0.2805228758169935,0.6228322440087146,0.7194771241830066,0.7796949237309327,0.31273408239700373,0.5848630755341558,0.7796949237309327,0.5714809384164223,0.4285190615835777,0.7124266862170088,0.7124266862170088,0.6595452141723955,0.3615836684194247,0.6423731614609155,0.6595452141723955,0.7845885999320822,0.21541140006791787,0.7026393601347444,0.7845885999320822,0.8000051047389469,0.32894721285979245,0.7054469438858706,0.8000051047389469,102.74031835002825
ref_0_que_1-7,0.769760348583878,0.23023965141612202,0.664400871459695,0.769760348583878,0.757597949469059,0.21919175120572093,0.649191299498048,0.757597949469059,0.7584310850439883,0.24156891495601174,0.6400293255131965,0.7584310850439883,0.7580142883311962,0.2298369517830674,0.6445777572681126,0.7580142883311962,0.8549459428086718,0.14505405719132816,0.7238844465643741,0.8549459428086718,0.8339979145700167,0.30861057961926214,0.7309442099976264,0.8339979145700167,85.18874744907953
ref_0_que_1-7,0.7301089324618736,0.26989106753812636,0.7114596949891068,0.7301089324618736,0.7786439877155682,0.2982601491300746,0.733101499673984,0.7786439877155682,0.6041055718475073,0.39589442815249265,0.6182184750733137,0.6182184750733137,0.6803591701930024,0.34021105685934794,0.670776573530874,0.6803591701930024,0.8196821228134369,0.18031787718656317,0.7669611966797224,0.8196821228134369,0.8217138337059007,0.3170088313534802,0.7757484135742898,0.8217138337059007,153.99021598510444
ref_0_que_1-7,0.4519389978213508,0.5480610021786493,0.6613507625272331,0.6613507625272331,0.40856201975850714,0.5195086705202312,0.6300961219754724,0.6300961219754724,0.3410923753665689,0.6589076246334311,0.6968475073313783,0.6968475073313783,0.37179102986714613,0.5809631544925663,0.661792863359443,0.661792863359443,0.43573964398661325,0.5642603560133868,0.7209045135175561,0.7209045135175561,0.42105360956724475,0.5181885575744393,0.7237945486724204,0.7237945486724204,189.92389407521114
ref_0_que_1-7,0.7288017429193899,0.27119825708061,0.6162091503267974,0.7288017429193899,0.8120340788072418,0.31169840652934316,0.5747796417401194,0.8120340788072418,0.5590175953079178,0.4409824046920821,0.7410190615835777,0.7410190615835777,0.6621797655232305,0.3652371916508539,0.6473979183346678,0.6621797655232305,0.8220111813567885,0.17798881864321145,0.6960697588136102,0.8220111813567885,0.8250649715534137,0.3163983807557799,0.6950893354655246,0.8250649715534137,147.24142287299037
ref_0_que_1-7,0.7221786492374728,0.27782135076252723,0.6542919389978213,0.7221786492374728,0.8825910931174089,0.33368581835272,0.6400225691179237,0.8825910931174089,0.47947214076246336,0.5205278592375366,0.6237170087976539,0.6237170087976539,0.6213776722090262,0.40667287176917016,0.6317645966768773,0.6317645966768773,0.843652419829874,0.15634758017012598,0.7038229897845484,0.843652419829874,0.8432964696397391,0.3108212179379559,0.7265947955345018,0.8432964696397391,146.42981466301717
ref_0_que_1-7,0.7261873638344226,0.27381263616557733,0.6753812636165577,0.7261873638344226,0.7318637274549098,0.2781804163454125,0.6826334669761553,0.7318637274549098,0.6693548387096774,0.33064516129032256,0.592925219941349,0.6693548387096774,0.6992150105303465,0.30215224855539735,0.6346248160863168,0.6992150105303465,0.7970640473057214,0.20293595269427844,0.7308489209877422,0.7970640473057214,0.7898232374455949,0.3232399536625169,0.7316527447730651,0.7898232374455949,225.2466868199408
ref_0_que_1-7,0.726884531590414,0.27311546840958606,0.7033551198257081,0.726884531590414,0.8764591439688716,0.32808961983077106,0.7053642914331465,0.8764591439688716,0.49541788856304986,0.5045821114369502,0.6458944281524927,0.6458944281524927,0.6330210772833723,0.397631255867697,0.6743207041714504,0.6743207041714504,0.8416109403555407,0.1583890596444592,0.7647273735809235,0.8416109403555407,0.8439544345690624,0.3112671302703642,0.7656334625471749,0.8439544345690624,169.5416161250323
ref_0_que_1-7,0.7638344226579521,0.23616557734204793,0.6493246187363835,0.7638344226579521,0.7640384615384616,0.23633466135458167,0.6623582766439909,0.7640384615384616,0.7281891495601173,0.2718108504398827,0.5353739002932552,0.7281891495601173,0.7456831831831832,0.25283437047140056,0.5921346036894385,0.7456831831831832,0.8627680234487173,0.13723197655128264,0.6977864328940758,0.8627680234487173,0.8529603147085905,0.30695997989016416,0.7043455754801267,0.8529603147085905,102.44777742680162
ref_0_que_1-7,0.7205228758169935,0.2794771241830065,0.6427886710239652,0.7205228758169935,0.8287050570008769,0.3254283585795878,0.6427519461392804,0.8287050570008769,0.5196114369501467,0.4803885630498534,0.5599340175953079,0.5599340175953079,0.6387293004393376,0.38800888230940045,0.5984915270839455,0.6387293004393376,0.8209143826806511,0.17908561731934894,0.6940633131934602,0.8209143826806511,0.8241942399508098,0.3165671379287634,0.7001360269404471,0.8241942399508098,145.8703879918903
ref_0_que_1-7,0.7491067538126361,0.25089324618736386,0.681917211328976,0.7491067538126361,0.855840927920464,0.3001018589253883,0.6606189967982924,0.855840927920464,0.5679985337243402,0.43200146627565983,0.6807184750733137,0.6807184750733137,0.6828247218243914,0.35416979714500374,0.6705181440693266,0.6828247218243914,0.8289741332310829,0.171025866768917,0.7464088700785732,0.8289741332310829,0.8330906767270857,0.3152543081986432,0.743615674766147,0.8330906767270857,240.53526699892245
ref_0_que_1-7,0.7727233115468409,0.22727668845315904,0.6728540305010893,0.7727233115468409,0.8071613459879207,0.25062143588243896,0.6449744463373084,0.8071613459879207,0.6858504398826979,0.31414956011730205,0.6939149560117303,0.6939149560117303,0.7415774871185097,0.2788125254168361,0.6685502383895462,0.7415774871185097,0.8305298129725079,0.16947018702749211,0.7410789129876603,0.8305298129725079,0.8444591850448615,0.3160693644538303,0.7410249267841624,0.8444591850448615,185.53044769796543
