PROBLEM_KEY,dist,seed,accuracy,precision,recall,f1,auc,aupr,outlier_ratio_ref,outlier_ratio_que,time_taken
ref_0_que_1hr,mse,0,0.7428470505121865,0.5987370838117106,0.9729477611940298,0.7412935323383084,0.9155425614961011,0.8371368612012549,0.03238498789346247,0.6153302719886966,45.84018539899989
ref_0_que_1hr,mse,100,0.7421405863652419,0.5981630309988519,0.9720149253731343,0.7405828002842928,0.9148579162176609,0.8370875876754315,0.03268765133171913,0.6153302719886966,45.515186644000096
ref_0_que_1hr,mse,200,0.7262451430589898,0.5830072666294019,0.9729477611940298,0.729115693813352,0.9176829397639433,0.8440016725590155,0.0335956416464891,0.6319321794418933,44.247326942999734
ref_0_que_1hr,mse,300,0.7322500883080184,0.5886004514672686,0.9729477611940298,0.7334739803094233,0.9190798070477629,0.8469978910757405,0.031174334140435835,0.6259272341928647,45.56725607499993
ref_0_que_1hr,mse,400,0.738255033557047,0.5944095835710211,0.9720149253731343,0.7376991150442478,0.9159365904983328,0.8389473736568607,0.03208232445520581,0.6192158247968915,43.24094173100002
ref_0_que_1hr,mae,0,0.7403744259978806,0.5965616045845272,0.9710820895522388,0.739084132055378,0.9118615987713506,0.819176885547397,0.032990314769975784,0.6163899682091134,48.38418637099994
ref_0_que_1hr,mae,100,0.7432002825856587,0.5993091537132987,0.9710820895522388,0.741189035243859,0.9110698285151843,0.8177507972233018,0.03571428571428571,0.6135641116213352,47.05087751699966
ref_0_que_1hr,mae,200,0.7276580713528789,0.5845030881527232,0.9710820895522388,0.729758149316509,0.9136625711691683,0.8245905679906793,0.03238498789346247,0.6291063228541152,47.61724050000021
ref_0_que_1hr,mae,300,0.7336630166019075,0.5899321266968326,0.9729477611940298,0.7345070422535211,0.9145858611999695,0.8250448556033712,0.03389830508474576,0.6245143058989756,47.14179167100019
ref_0_que_1hr,mae,400,0.7251854468385729,0.5817575083426029,0.9757462686567164,0.7289198606271777,0.9118764477781642,0.8206259055363699,0.04116222760290557,0.6351112681031438,47.43212459200004
ref_0_que_1hr,braycurtis,0,0.7018721299894031,0.5610278372591007,0.9776119402985075,0.7129251700680272,0.8944140157654027,0.7777167428868964,0.05508474576271186,0.6598375132462028,17.797372085000006
ref_0_que_1hr,braycurtis,100,0.7163546450017662,0.574350469872858,0.9692164179104478,0.7212773342589379,0.8786183847674646,0.7408749459695693,0.04903147699757869,0.6389968209113388,16.60493728700021
ref_0_que_1hr,braycurtis,200,0.7209466619569057,0.5786830357142857,0.9673507462686567,0.7241620111731844,0.8775837271855617,0.7400845629191453,0.04691283292978208,0.6329918756623102,17.491563711000254
ref_0_que_1hr,braycurtis,300,0.7156481808548216,0.5733113673805601,0.9738805970149254,0.7217421361908054,0.8847595097282208,0.7587483195428938,0.04963680387409201,0.643235605793006,16.36953543799973
ref_0_que_1hr,braycurtis,400,0.7195337336630167,0.5769656699889258,0.9720149253731343,0.7241139680333565,0.8807789152588393,0.7531581948542377,0.04963680387409201,0.6379371246909219,16.388746819000062
ref_0_que_1hr,canberra,0,0.7234192864712116,0.5826186392224129,0.9505597014925373,0.7224388514711095,0.8683025676054066,0.76220536831208,0.06265133171912833,0.6178028965030025,19.173990524000146
ref_0_que_1hr,canberra,100,0.7205934298834334,0.5803316180674671,0.9468283582089553,0.7196029776674938,0.867970055917117,0.7646546809573589,0.05750605326876514,0.6178028965030025,18.79397284100014
ref_0_que_1hr,canberra,200,0.730483927940657,0.5914742451154529,0.9319029850746269,0.723650851140891,0.8637142245000129,0.7551373413010105,0.05417675544794189,0.5966089720946662,18.79082327299966
ref_0_que_1hr,canberra,300,0.7177675732956552,0.5772495755517827,0.9514925373134329,0.718562874251497,0.8686965966076384,0.7687792693969661,0.061138014527845036,0.6241610738255033,18.628590270999666
ref_0_que_1hr,canberra,400,0.7237725185446838,0.5832376578645235,0.9477611940298507,0.7221037668798863,0.8681927910193208,0.7608008268997186,0.06234866828087167,0.6153302719886966,18.183881526999812
ref_0_que_1hr,chebyshev,0,0.7439067467326034,0.5997699827487062,0.9729477611940298,0.7420846673781573,0.9227782703876865,0.8616753797833581,0.0299636803874092,0.6142705757682798,15.164531001000341
ref_0_que_1hr,chebyshev,100,0.7442599788060756,0.6001150747986191,0.9729477611940298,0.7423487544483985,0.9221540817798444,0.8608811001465535,0.030569007263922518,0.6139173436948074,15.428537802999926
ref_0_que_1hr,chebyshev,200,0.7318968562345461,0.5882684715172025,0.9729477611940298,0.7332161687170474,0.9204570524297219,0.8591408313682082,0.03177966101694915,0.6262804662663369,15.852910477000023
ref_0_que_1hr,chebyshev,300,0.7336630166019075,0.5900339750849377,0.9720149253731343,0.7343199436222692,0.9214296623760108,0.8598296546980627,0.03177966101694915,0.6238078417520311,15.471870714000033
ref_0_que_1hr,chebyshev,400,0.7414341222182974,0.5977011494252874,0.9701492537313433,0.7396870554765291,0.9186571406752481,0.8526575457734908,0.03177966101694915,0.6146238078417521,15.15343835099975
ref_0_que_1hr,cityblock,0,0.7403744259978806,0.5965616045845272,0.9710820895522388,0.739084132055378,0.9118615987713506,0.819176885547397,0.032990314769975784,0.6163899682091134,14.3751290350001
ref_0_que_1hr,cityblock,100,0.7432002825856587,0.5993091537132987,0.9710820895522388,0.741189035243859,0.9110698285151843,0.8177507972233018,0.03571428571428571,0.6135641116213352,14.56939828600025
ref_0_que_1hr,cityblock,200,0.7276580713528789,0.5845030881527232,0.9710820895522388,0.729758149316509,0.9136625711691683,0.8245905679906793,0.03238498789346247,0.6291063228541152,16.537429803000123
ref_0_que_1hr,cityblock,300,0.7336630166019075,0.5899321266968326,0.9729477611940298,0.7345070422535211,0.9145858611999695,0.8250448556033712,0.03389830508474576,0.6245143058989756,16.629710893000265
ref_0_que_1hr,cityblock,400,0.7251854468385729,0.5817575083426029,0.9757462686567164,0.7289198606271777,0.9118764477781642,0.8206259055363699,0.04116222760290557,0.6351112681031438,14.810126868000225
ref_0_que_1hr,cosine,0,0.6852702225362063,0.5469641930461858,0.9832089552238806,0.7029009669889963,0.8562271431359405,0.7078043739698227,0.04449152542372881,0.6806782055810667,13.68303271800005
ref_0_que_1hr,cosine,100,0.6909219357117626,0.5514898065865134,0.9841417910447762,0.7068676716917923,0.835148447642402,0.6602252721256877,0.04116222760290557,0.6757329565524549,13.782043479000095
ref_0_que_1hr,cosine,200,0.6880960791239844,0.5491931285788652,0.9841417910447762,0.7049782826595389,0.8575587808541149,0.7208938632673321,0.0423728813559322,0.6785588131402331,15.074759351000012
ref_0_que_1hr,cosine,300,0.6856234546096786,0.5471991701244814,0.9841417910447762,0.7033333333333334,0.8489039311684896,0.7008888065278488,0.04418886198547216,0.681031437654539,14.308033073999923
ref_0_que_1hr,cosine,400,0.6842105263157895,0.5461139896373057,0.9832089552238806,0.7021985343104596,0.861082238042307,0.7336608012867807,0.04600484261501211,0.6817379018014835,14.341070095000305
ref_0_que_1hr,euclidean,0,0.7428470505121865,0.5987370838117106,0.9729477611940298,0.7412935323383084,0.9155425614961011,0.8371368612012549,0.03238498789346247,0.6153302719886966,14.98890191999999
ref_0_que_1hr,euclidean,100,0.7421405863652419,0.5981630309988519,0.9720149253731343,0.7405828002842928,0.9148579162176609,0.8370875876754315,0.03268765133171913,0.6153302719886966,15.922236738000265
ref_0_que_1hr,euclidean,200,0.7262451430589898,0.5830072666294019,0.9729477611940298,0.729115693813352,0.9176829397639433,0.8440016725590155,0.0335956416464891,0.6319321794418933,15.884363298000153
ref_0_que_1hr,euclidean,300,0.7322500883080184,0.5886004514672686,0.9729477611940298,0.7334739803094233,0.9190798070477629,0.8469978910757405,0.031174334140435835,0.6259272341928647,15.170483711000088
ref_0_que_1hr,euclidean,400,0.738255033557047,0.5944095835710211,0.9720149253731343,0.7376991150442478,0.9159365904983328,0.8389473736568607,0.03208232445520581,0.6192158247968915,15.942768011000226
ref_0_que_1hr,mahalanobis,0,0.8156128576474744,0.6883561643835616,0.9375,0.7938388625592417,0.9133300594808786,0.8332375155553867,0.033292978208232446,0.5157188272695161,51.393878463999954
ref_0_que_1hr,mahalanobis,100,0.8117273048392794,0.6844626967830253,0.9328358208955224,0.7895775759968416,0.9127514785368214,0.8329679659693126,0.03268765133171913,0.5160720593429884,51.10159983199992
ref_0_que_1hr,mahalanobis,200,0.8106676086188626,0.6815718157181572,0.9384328358208955,0.7896389324960753,0.9157207495778639,0.8404253853628981,0.03389830508474576,0.5213705404450724,51.716156259999934
ref_0_que_1hr,mahalanobis,300,0.8134934652066408,0.6830417227456258,0.9468283582089553,0.7935887412040656,0.9173562616140446,0.8427895760665296,0.03450363196125908,0.5249028611797951,51.54098873399971
ref_0_que_1hr,mahalanobis,400,0.8074885199576122,0.6755496335776149,0.9458955223880597,0.7881849980567431,0.9136127209320084,0.8345374330712094,0.04025423728813559,0.5302013422818792,52.09606605599993
ref_0_que_1hr,minkowski,0,0.7428470505121865,0.5987370838117106,0.9729477611940298,0.7412935323383084,0.9155425614961011,0.8371368612012549,0.03238498789346247,0.6153302719886966,15.038855398000123
ref_0_que_1hr,minkowski,100,0.7421405863652419,0.5981630309988519,0.9720149253731343,0.7405828002842928,0.9148579162176609,0.8370875876754315,0.03268765133171913,0.6153302719886966,15.17066579900029
ref_0_que_1hr,minkowski,200,0.7262451430589898,0.5830072666294019,0.9729477611940298,0.729115693813352,0.9176829397639433,0.8440016725590155,0.0335956416464891,0.6319321794418933,15.062680078000085
ref_0_que_1hr,minkowski,300,0.7322500883080184,0.5886004514672686,0.9729477611940298,0.7334739803094233,0.9190798070477629,0.8469978910757405,0.031174334140435835,0.6259272341928647,15.140096528999948
ref_0_que_1hr,minkowski,400,0.738255033557047,0.5944095835710211,0.9720149253731343,0.7376991150442478,0.9159365904983328,0.8389473736568607,0.03208232445520581,0.6192158247968915,15.451700809999693
ref_0_que_1hr,seuclidean,0,0.7958318615330272,0.6593548387096774,0.9533582089552238,0.7795575896262396,0.9142432733999135,0.8354928055646896,0.03904358353510896,0.5475097138820205,17.726510049999888
ref_0_que_1hr,seuclidean,100,0.8032497350759449,0.6710963455149501,0.9421641791044776,0.7838571982925883,0.9136503737707146,0.8350538503303232,0.031476997578692496,0.5316142705757683,18.150205133000327
ref_0_que_1hr,seuclidean,200,0.7997174143412222,0.6662277814351547,0.9440298507462687,0.7811655731377847,0.9165347933442509,0.8416464533881313,0.03450363196125908,0.5365595196043801,17.58678874999987
ref_0_que_1hr,seuclidean,300,0.8018368067820558,0.6675409836065573,0.9496268656716418,0.783981517135156,0.9180403765708127,0.8442094460126683,0.03480629539951574,0.5386789120452137,18.122455442000046
ref_0_que_1hr,seuclidean,400,0.8036029671494171,0.6701846965699209,0.9477611940298507,0.7851622874806801,0.9145487386829354,0.8368228975803694,0.034200968523002424,0.5354998233839633,17.88683167199997
ref_0_que_1hr,sqeuclidean,0,0.7428470505121865,0.5987370838117106,0.9729477611940298,0.7412935323383084,0.9155425614961011,0.8371368612012549,0.03238498789346247,0.6153302719886966,14.911303867000242
ref_0_que_1hr,sqeuclidean,100,0.7421405863652419,0.5981630309988519,0.9720149253731343,0.7405828002842928,0.9148579162176609,0.8370875876754315,0.03268765133171913,0.6153302719886966,14.467866895999578
ref_0_que_1hr,sqeuclidean,200,0.7262451430589898,0.5830072666294019,0.9729477611940298,0.729115693813352,0.9176829397639433,0.8440016725590155,0.0335956416464891,0.6319321794418933,14.671042446000229
ref_0_que_1hr,sqeuclidean,300,0.7322500883080184,0.5886004514672686,0.9729477611940298,0.7334739803094233,0.9190798070477629,0.8469978910757405,0.031174334140435835,0.6259272341928647,15.441631730000154
ref_0_que_1hr,sqeuclidean,400,0.738255033557047,0.5944095835710211,0.9720149253731343,0.7376991150442478,0.9159365904983328,0.8389473736568607,0.03208232445520581,0.6192158247968915,14.897223907999887
ref_0_que_4hr,mse,0,0.7987987987987988,0.7576601671309192,0.991494532199271,0.8589473684210527,0.9403829489600317,0.9591347337316876,0.025121065375302662,0.8085585585585585,34.80334149800001
ref_0_que_4hr,mse,100,0.7957957957957958,0.7543859649122807,0.9927095990279465,0.857292759706191,0.9367735559443982,0.9561702331236118,0.025121065375302662,0.8130630630630631,35.41647258000012
ref_0_que_4hr,mse,200,0.8040540540540541,0.7616387337057728,0.9939246658566221,0.8624143384290985,0.9386379315695369,0.9581417645933454,0.02391041162227603,0.8063063063063063,32.38778768599968
ref_0_que_4hr,mse,300,0.8025525525525525,0.7607076350093109,0.9927095990279465,0.8613600421718502,0.9405977937823908,0.9588439601933065,0.024213075060532687,0.8063063063063063,31.733215403999566
ref_0_que_4hr,mse,400,0.7980480480480481,0.7569573283858998,0.991494532199271,0.8584955286691215,0.9414905933775278,0.9599116910526029,0.024515738498789345,0.8093093093093093,31.882993016
ref_0_que_4hr,mae,0,0.7972972972972973,0.755781683626272,0.9927095990279465,0.8581932773109243,0.9271580565614802,0.9468991700021244,0.025726392251815982,0.8115615615615616,35.5029387529994
ref_0_que_4hr,mae,100,0.7942942942942943,0.7534626038781164,0.991494532199271,0.8562434417628542,0.9217678386849586,0.9421545551739101,0.024213075060532687,0.8130630630630631,35.16586511100013
ref_0_que_4hr,mae,200,0.8018018018018018,0.7604846225535881,0.991494532199271,0.8607594936708861,0.9263440334012084,0.9466672457518274,0.025121065375302662,0.8055555555555556,34.9134845589997
ref_0_que_4hr,mae,300,0.7995495495495496,0.7588454376163873,0.9902794653705954,0.8592514496573537,0.9257687267102246,0.9446607681564815,0.024515738498789345,0.8063063063063063,34.96826462900026
ref_0_que_4hr,mae,400,0.8003003003003003,0.7595526561043803,0.9902794653705954,0.859704641350211,0.9283564132373058,0.9473797862884628,0.025423728813559324,0.8055555555555556,34.96971157999997
ref_0_que_4hr,braycurtis,0,0.7837837837837838,0.7420814479638009,0.9963547995139733,0.8506224066390041,0.9056520898433303,0.9246968093369613,0.03480629539951574,0.8295795795795796,12.3000624160004
ref_0_que_4hr,braycurtis,100,0.7845345345345346,0.7423146473779385,0.9975698663426489,0.8512182477967859,0.8859508196329972,0.9086255558212188,0.03389830508474576,0.8303303303303303,12.63993680800013
ref_0_que_4hr,braycurtis,200,0.7897897897897898,0.7474931631722881,0.9963547995139733,0.8541666666666666,0.915513467189615,0.9310305472324792,0.033292978208232446,0.8235735735735735,12.968712529000186
ref_0_que_4hr,braycurtis,300,0.786036036036036,0.7436594202898551,0.9975698663426489,0.8521017125064868,0.8944133184692546,0.9157833080698808,0.033292978208232446,0.8288288288288288,12.951275898999484
ref_0_que_4hr,braycurtis,400,0.7882882882882883,0.7461328480436761,0.9963547995139733,0.8532778355879292,0.9403304313367884,0.9577299875828928,0.033292978208232446,0.825075075075075,13.171869800000422
ref_0_que_4hr,canberra,0,0.7927927927927928,0.7502287282708143,0.9963547995139733,0.8559498956158664,0.8704605079409033,0.8542954377982661,0.041767554479418885,0.8205705705705706,13.724662773000091
ref_0_que_4hr,canberra,100,0.789039039039039,0.7463636363636363,0.9975698663426489,0.8538741549661987,0.8704987025759894,0.8534730380292498,0.04207021791767555,0.8258258258258259,13.447484100999645
ref_0_que_4hr,canberra,200,0.7965465465465466,0.7541436464088398,0.9951397326852977,0.858040859088528,0.8375271838379402,0.8315386574683862,0.04418886198547216,0.8153153153153153,13.087248288999945
ref_0_que_4hr,canberra,300,0.7912912912912913,0.7488584474885844,0.9963547995139733,0.8550573514077163,0.8685292917043641,0.8568070898182801,0.03753026634382567,0.8220720720720721,13.239390601000196
ref_0_que_4hr,canberra,400,0.7935435435435435,0.7513761467889908,0.9951397326852977,0.8562467328802927,0.8571974209072657,0.8451428140940009,0.04025423728813559,0.8183183183183184,13.066781668999283
ref_0_que_4hr,chebyshev,0,0.8040540540540541,0.7631086142322098,0.9902794653705954,0.8619777895293496,0.9476088964853774,0.9643319278759122,0.024818401937046004,0.8018018018018018,12.054263043999526
ref_0_que_4hr,chebyshev,100,0.8018018018018018,0.7604846225535881,0.991494532199271,0.8607594936708861,0.9456251626255947,0.9628850692024056,0.02754237288135593,0.8055555555555556,12.036429734000194
ref_0_que_4hr,chebyshev,200,0.8093093093093093,0.7671361502347418,0.9927095990279465,0.8654661016949152,0.9454174792973142,0.9625372051209373,0.0263317191283293,0.7995495495495496,12.023016764999738
ref_0_que_4hr,chebyshev,300,0.8063063063063063,0.7647610121836926,0.991494532199271,0.8634920634920635,0.9480911037533392,0.964067828710103,0.025121065375302662,0.801051051051051,11.68587496300006
ref_0_que_4hr,chebyshev,400,0.8070570570570571,0.7659774436090225,0.9902794653705954,0.8638049814520403,0.9469977823240002,0.9633781793818905,0.024515738498789345,0.7987987987987988,11.617405353000322
ref_0_que_4hr,cityblock,0,0.7972972972972973,0.755781683626272,0.9927095990279465,0.8581932773109243,0.9271580565614802,0.9468991700021244,0.025726392251815982,0.8115615615615616,11.32845652099968
ref_0_que_4hr,cityblock,100,0.7942942942942943,0.7534626038781164,0.991494532199271,0.8562434417628542,0.9217678386849586,0.9421545551739101,0.024213075060532687,0.8130630630630631,11.43086661199959
ref_0_que_4hr,cityblock,200,0.8018018018018018,0.7604846225535881,0.991494532199271,0.8607594936708861,0.9263440334012084,0.9466672457518274,0.025121065375302662,0.8055555555555556,10.928164160000051
ref_0_que_4hr,cityblock,300,0.7995495495495496,0.7588454376163873,0.9902794653705954,0.8592514496573537,0.9257687267102246,0.9446607681564815,0.024515738498789345,0.8063063063063063,10.431326807000005
ref_0_que_4hr,cityblock,400,0.8003003003003003,0.7595526561043803,0.9902794653705954,0.859704641350211,0.9283564132373058,0.9473797862884628,0.025423728813559324,0.8055555555555556,10.136194106000403
ref_0_que_4hr,cosine,0,0.7575075075075075,0.7204585537918872,0.9927095990279465,0.8349514563106796,0.9092495470354997,0.9339378575508155,0.019067796610169493,0.8513513513513513,9.907320124999387
ref_0_que_4hr,cosine,100,0.7567567567567568,0.7198237885462555,0.9927095990279465,0.8345250255362615,0.828353309923205,0.8412764635147518,0.01937046004842615,0.8521021021021021,10.07609841500016
ref_0_que_4hr,cosine,200,0.7612612612612613,0.7232537577365163,0.9939246658566221,0.8372569089048106,0.9055589904203081,0.9188343974855209,0.018765133171912834,0.8490990990990991,10.10995138599992
ref_0_que_4hr,cosine,300,0.7605105105105106,0.7230088495575221,0.9927095990279465,0.8366615463389657,0.9025105811075012,0.9201605945026213,0.018462469733656173,0.8483483483483484,9.805404943999747
ref_0_que_4hr,cosine,400,0.7642642642642643,0.7262222222222222,0.9927095990279465,0.8388090349075975,0.9072872976579527,0.9372481854094723,0.018159806295399514,0.8445945945945946,10.014562235000085
ref_0_que_4hr,euclidean,0,0.7987987987987988,0.7576601671309192,0.991494532199271,0.8589473684210527,0.9403829489600317,0.9591347337316876,0.025121065375302662,0.8085585585585585,11.737899773999743
ref_0_que_4hr,euclidean,100,0.7957957957957958,0.7543859649122807,0.9927095990279465,0.857292759706191,0.9367735559443982,0.9561702331236118,0.025121065375302662,0.8130630630630631,13.93404257400016
ref_0_que_4hr,euclidean,200,0.8040540540540541,0.7616387337057728,0.9939246658566221,0.8624143384290985,0.9386379315695369,0.9581417645933454,0.02391041162227603,0.8063063063063063,12.859033927999917
ref_0_que_4hr,euclidean,300,0.8025525525525525,0.7607076350093109,0.9927095990279465,0.8613600421718502,0.9405977937823908,0.9588439601933065,0.024213075060532687,0.8063063063063063,10.97000620000017
ref_0_que_4hr,euclidean,400,0.7980480480480481,0.7569573283858998,0.991494532199271,0.8584955286691215,0.9414905933775278,0.9599116910526029,0.024515738498789345,0.8093093093093093,10.995143740999993
ref_0_que_4hr,mahalanobis,0,0.8656156156156156,0.8305954825462012,0.982989064398542,0.9003895381190874,0.9488072531612028,0.962414659628714,0.026634382566585957,0.7312312312312312,39.00405797699932
ref_0_que_4hr,mahalanobis,100,0.8566066066066066,0.819838056680162,0.9842041312272175,0.8945334069574821,0.9442811889035035,0.9571601791020261,0.02875302663438257,0.7417417417417418,38.05685892299971
ref_0_que_4hr,mahalanobis,200,0.8611111111111112,0.826844262295082,0.9805589307411907,0.8971650917176209,0.9466826765845403,0.9597986118811133,0.030871670702179176,0.7327327327327328,38.39532827499988
ref_0_que_4hr,mahalanobis,300,0.8648648648648649,0.8283963227783453,0.9854191980558931,0.9001109877913429,0.9466588049376115,0.9596417124579921,0.029661016949152543,0.734984984984985,38.279657054999916
ref_0_que_4hr,mahalanobis,400,0.8633633633633634,0.8280450358239508,0.982989064398542,0.8988888888888888,0.9466206103025254,0.9593988516501275,0.0299636803874092,0.7334834834834835,37.843502183000055
ref_0_que_4hr,minkowski,0,0.7987987987987988,0.7576601671309192,0.991494532199271,0.8589473684210527,0.9403829489600317,0.9591347337316876,0.025121065375302662,0.8085585585585585,11.955303673999879
ref_0_que_4hr,minkowski,100,0.7957957957957958,0.7543859649122807,0.9927095990279465,0.857292759706191,0.9367735559443982,0.9561702331236118,0.025121065375302662,0.8130630630630631,11.429466333000164
ref_0_que_4hr,minkowski,200,0.8040540540540541,0.7616387337057728,0.9939246658566221,0.8624143384290985,0.9386379315695369,0.9581417645933454,0.02391041162227603,0.8063063063063063,11.188974671000324
ref_0_que_4hr,minkowski,300,0.8025525525525525,0.7607076350093109,0.9927095990279465,0.8613600421718502,0.9405977937823908,0.9588439601933065,0.024213075060532687,0.8063063063063063,11.078244070000437
ref_0_que_4hr,minkowski,400,0.7980480480480481,0.7569573283858998,0.991494532199271,0.8584955286691215,0.9414905933775278,0.9599116910526029,0.024515738498789345,0.8093093093093093,10.631166497999402
ref_0_que_4hr,seuclidean,0,0.8656156156156156,0.8305954825462012,0.982989064398542,0.9003895381190874,0.9492512657940784,0.9633715043806145,0.02875302663438257,0.7312312312312312,12.565774177000094
ref_0_que_4hr,seuclidean,100,0.8566066066066066,0.819838056680162,0.9842041312272175,0.8945334069574821,0.944610617631121,0.9582420503175695,0.029661016949152543,0.7417417417417418,12.58386508700005
ref_0_que_4hr,seuclidean,200,0.8596096096096096,0.8251533742331288,0.9805589307411907,0.8961687951138256,0.9471410122055731,0.961021137948679,0.029661016949152543,0.7342342342342343,13.303099440000551
ref_0_que_4hr,seuclidean,300,0.8648648648648649,0.8277268093781855,0.9866342648845686,0.9002217294900222,0.9471720453465806,0.9606696859282731,0.0299636803874092,0.7364864864864865,13.807913882999856
ref_0_que_4hr,seuclidean,400,0.8626126126126126,0.8271983640081799,0.982989064398542,0.8983897834536368,0.9483226587285485,0.9617050748635518,0.029358353510895885,0.7342342342342343,12.561002633000498
ref_0_que_4hr,sqeuclidean,0,0.7987987987987988,0.7576601671309192,0.991494532199271,0.8589473684210527,0.9403829489600317,0.9591347337316876,0.025121065375302662,0.8085585585585585,10.282095886999741
ref_0_que_4hr,sqeuclidean,100,0.7957957957957958,0.7543859649122807,0.9927095990279465,0.857292759706191,0.9367735559443982,0.9561702331236118,0.025121065375302662,0.8130630630630631,10.395914778000588
ref_0_que_4hr,sqeuclidean,200,0.8040540540540541,0.7616387337057728,0.9939246658566221,0.8624143384290985,0.9386379315695369,0.9581417645933454,0.02391041162227603,0.8063063063063063,10.831562560000748
ref_0_que_4hr,sqeuclidean,300,0.8025525525525525,0.7607076350093109,0.9927095990279465,0.8613600421718502,0.9405977937823908,0.9588439601933065,0.024213075060532687,0.8063063063063063,11.233329441000024
ref_0_que_4hr,sqeuclidean,400,0.7980480480480481,0.7569573283858998,0.991494532199271,0.8584955286691215,0.9414905933775278,0.9599116910526029,0.024515738498789345,0.8093093093093093,11.181815611000275
ref_0_que_1,mse,0,0.843399251737039,0.7931034482758621,0.9592850049652433,0.868314606741573,0.9501059136967156,0.9584588671980734,0.02784503631961259,0.6509887760555852,47.75561551800001
ref_0_que_1,mse,100,0.8415285943345805,0.7896453322462291,0.9617676266137041,0.8672487127826282,0.9515693387031519,0.9595739634990705,0.028450363196125907,0.6555318011758418,48.756062290000045
ref_0_que_1,mse,200,0.8409941207910209,0.7894736842105263,0.9607745779543198,0.8667413213885778,0.9505685318511163,0.9588181782827001,0.02875302663438257,0.6549973276322822,48.58129418499993
ref_0_que_1,mse,300,0.8431320149652592,0.7939843428100536,0.9568023833167825,0.8678225624859266,0.9511952214130714,0.9593708672001624,0.028450363196125907,0.6485836451095671,47.58296953900026
ref_0_que_1,mse,400,0.8442009620523784,0.7943233237350884,0.9587884806355511,0.8688413948256468,0.9500507443267499,0.9584633810661549,0.02875302663438257,0.6496525921966863,47.55919240000003
ref_0_que_1,mae,0,0.843399251737039,0.7938271604938272,0.9577954319761668,0.8681368136813682,0.9495674376586118,0.9575584576534376,0.028147699757869248,0.6493853554249065,52.933775296999556
ref_0_que_1,mae,100,0.8495456974879744,0.8029227557411274,0.9548162859980139,0.8723066454978453,0.9505389357828533,0.9581482322922849,0.022397094430992737,0.6400320684126136,53.40865038500033
ref_0_que_1,mae,200,0.847407803313736,0.7997507270461155,0.9558093346573983,0.8708437005202443,0.9500691341167382,0.957794064419103,0.023305084745762712,0.6432389096739711,53.900130893000096
ref_0_que_1,mae,300,0.8452699091394976,0.7961205117622782,0.9577954319761668,0.8695064232589588,0.9506731237816763,0.9584621448147388,0.028147699757869248,0.6475146980224479,54.53378754999994
ref_0_que_1,mae,400,0.8444681988241582,0.7948929159802306,0.958291956305859,0.8689779378658262,0.9496139868145206,0.9576009127829134,0.02875302663438257,0.6488508818813469,53.26805840599991
ref_0_que_1,braycurtis,0,0.8327097808658471,0.7789389067524116,0.9622641509433962,0.8609506885828521,0.9175258146676966,0.9104885341202215,0.036924939467312345,0.6648850881881346,18.841866611000114
ref_0_que_1,braycurtis,100,0.8337787279529664,0.7815533980582524,0.9592850049652433,0.8613464110566206,0.9198190789473685,0.9107286623813433,0.022397094430992737,0.6606092998396579,19.688499786999273
ref_0_que_1,braycurtis,200,0.8375200427578835,0.7848460291734197,0.9617676266137041,0.8643462739848282,0.9128427397109125,0.8981467486240571,0.03268765133171913,0.6595403527525387,19.05541108899979
ref_0_que_1,braycurtis,300,0.8383217530732229,0.7864985766571777,0.9602780536246276,0.8647440196735972,0.918485819173195,0.9085160615358305,0.034200968523002424,0.6571352218065206,19.209233290000157
ref_0_que_1,braycurtis,400,0.8343132014965259,0.7810483870967742,0.9617676266137041,0.8620382732532266,0.9136228690830851,0.9032720118407722,0.04025423728813559,0.6627471940138963,19.86384589699992
ref_0_que_1,canberra,0,0.8107963655799038,0.7552775605942142,0.9592850049652433,0.8451443569553806,0.9029993172790466,0.8653096503012984,0.053268765133171914,0.6835916622127205,20.878213751999283
ref_0_que_1,canberra,100,0.8278995189738108,0.7737809752198241,0.9612711022840119,0.8573959255978743,0.9044173424914488,0.8671956129805936,0.04630750605326876,0.6686264029930519,21.000346550999893
ref_0_que_1,canberra,200,0.8137359700694815,0.7563254184507591,0.964746772591857,0.8479162120881518,0.9059169723969253,0.871758395664278,0.05447941888619855,0.6865312667022982,21.186198412000522
ref_0_que_1,canberra,300,0.8206841261357563,0.7663625545418484,0.9592850049652433,0.8520396912899669,0.9072706333443672,0.8723837169148518,0.0526634382566586,0.673703901656868,21.127792822999254
ref_0_que_1,canberra,400,0.8246926777124532,0.771382893685052,0.958291956305859,0.8547387068201948,0.9051954604803414,0.8715346284893029,0.050544794188861986,0.6686264029930519,22.233926165999947
ref_0_que_1,chebyshev,0,0.8482095136290754,0.8035264483627204,0.9503475670307845,0.8707916287534122,0.9505785887675162,0.9591384143798828,0.023002421307506054,0.6365579903794762,18.418466201999763
ref_0_que_1,chebyshev,100,0.8428647781934794,0.7917348608837971,0.9607745779543198,0.8681022880215343,0.951051838519254,0.9593524100741144,0.02754237288135593,0.6531266702298236,17.45952690700051
ref_0_que_1,chebyshev,200,0.8404596472474613,0.7890656874745002,0.9602780536246276,0.8662933930571108,0.9510739637353343,0.9593528654639747,0.028147699757869248,0.6549973276322822,18.305863562999548
ref_0_que_1,chebyshev,300,0.843399251737039,0.7933442892358258,0.9587884806355511,0.8682553956834532,0.9508604697671853,0.9592069494830863,0.02784503631961259,0.6504543025120256,17.627307965999535
ref_0_que_1,chebyshev,400,0.8431320149652592,0.7930184804928131,0.9587884806355511,0.8680602382557878,0.9500579278384642,0.9586628725965425,0.0299636803874092,0.6507215392838055,18.468019182000717
ref_0_que_1,cityblock,0,0.843399251737039,0.7938271604938272,0.9577954319761668,0.8681368136813682,0.9495674376586118,0.9575584576534376,0.028147699757869248,0.6493853554249065,17.769311506000122
ref_0_que_1,cityblock,100,0.8495456974879744,0.8029227557411274,0.9548162859980139,0.8723066454978453,0.9505389357828533,0.9581482322922849,0.022397094430992737,0.6400320684126136,18.639485611000055
ref_0_que_1,cityblock,200,0.847407803313736,0.7997507270461155,0.9558093346573983,0.8708437005202443,0.9500691341167382,0.957794064419103,0.023305084745762712,0.6432389096739711,18.528745221999998
ref_0_que_1,cityblock,300,0.8452699091394976,0.7961205117622782,0.9577954319761668,0.8695064232589588,0.9506731237816763,0.9584621448147388,0.028147699757869248,0.6475146980224479,19.07219338899995
ref_0_que_1,cityblock,400,0.8444681988241582,0.7948929159802306,0.958291956305859,0.8689779378658262,0.9496139868145206,0.9576009127829134,0.02875302663438257,0.6488508818813469,19.13411891999931
ref_0_que_1,cosine,0,0.8140032068412614,0.7586342229199372,0.9597815292949354,0.8474353353792197,0.9118798618007282,0.9038920096452429,0.034200968523002424,0.6809192944949225,17.164306277999458
ref_0_que_1,cosine,100,0.814537680384821,0.7574102964118564,0.9642502482621649,0.8484054172127566,0.9102405844275256,0.8875912439400205,0.035108958837772396,0.6851950828433993,18.127613583999846
ref_0_que_1,cosine,200,0.8115980758952431,0.7553648068669528,0.9612711022840119,0.8459689753113393,0.9110106568832984,0.9007288932039967,0.03541162227602906,0.6849278460716195,17.69976733600015
ref_0_que_1,cosine,300,0.8166755745590594,0.7603921568627451,0.9627606752730884,0.8496932515337423,0.9140176748869029,0.9050916676462846,0.03389830508474576,0.6814537680384821,19.010311290000573
ref_0_que_1,cosine,400,0.8150721539283805,0.760236220472441,0.9587884806355511,0.8480456741326307,0.9102242060208173,0.895598849534596,0.035108958837772396,0.6787814003206841,17.25885980700059
ref_0_que_1,euclidean,0,0.843399251737039,0.7931034482758621,0.9592850049652433,0.868314606741573,0.9501059136967156,0.9584588671980734,0.02784503631961259,0.6509887760555852,19.119346458999644
ref_0_que_1,euclidean,100,0.8415285943345805,0.7896453322462291,0.9617676266137041,0.8672487127826282,0.9515693387031519,0.9595739634990705,0.028450363196125907,0.6555318011758418,19.12574741000026
ref_0_que_1,euclidean,200,0.8409941207910209,0.7894736842105263,0.9607745779543198,0.8667413213885778,0.9505685318511163,0.9588181782827001,0.02875302663438257,0.6549973276322822,18.419077752000703
ref_0_que_1,euclidean,300,0.8431320149652592,0.7939843428100536,0.9568023833167825,0.8678225624859266,0.9511952214130714,0.9593708672001624,0.028450363196125907,0.6485836451095671,19.73779790699973
ref_0_que_1,euclidean,400,0.8442009620523784,0.7943233237350884,0.9587884806355511,0.8688413948256468,0.9500507443267499,0.9584633810661549,0.02875302663438257,0.6496525921966863,18.798524209999414
ref_0_que_1,mahalanobis,0,0.8719935863174773,0.8632276384287743,0.9056603773584906,0.8839350617882239,0.9475175507558204,0.9569075270340234,0.0263317191283293,0.5646712987707109,63.45220517500002
ref_0_que_1,mahalanobis,100,0.8717263495456975,0.86558627264061,0.9016881827209533,0.8832684824902723,0.9481537225532384,0.9573146917224507,0.026634382566585957,0.5606627471940139,60.95839930999955
ref_0_que_1,mahalanobis,200,0.8711918760021379,0.8633776091081594,0.9036742800397219,0.8830664725861233,0.9482132020302327,0.9571782783714355,0.02784503631961259,0.5633351149118119,62.43052119799995
ref_0_que_1,mahalanobis,300,0.8735970069481561,0.867780429594272,0.9026812313803376,0.8848868337795084,0.9490393058773767,0.957936871452886,0.027239709443099273,0.5598610368786745,62.4168669970004
ref_0_que_1,mahalanobis,400,0.8674505611972207,0.856338028169014,0.9056603773584906,0.8803088803088803,0.9475839264040605,0.9569920972534633,0.031476997578692496,0.5692143238909674,61.11043433000032
ref_0_que_1,minkowski,0,0.843399251737039,0.7931034482758621,0.9592850049652433,0.868314606741573,0.9501059136967156,0.9584588671980734,0.02784503631961259,0.6509887760555852,20.001967010000044
ref_0_que_1,minkowski,100,0.8415285943345805,0.7896453322462291,0.9617676266137041,0.8672487127826282,0.9515693387031519,0.9595739634990705,0.028450363196125907,0.6555318011758418,18.685362295000232
ref_0_que_1,minkowski,200,0.8409941207910209,0.7894736842105263,0.9607745779543198,0.8667413213885778,0.9505685318511163,0.9588181782827001,0.02875302663438257,0.6549973276322822,19.7379306619996
ref_0_que_1,minkowski,300,0.8431320149652592,0.7939843428100536,0.9568023833167825,0.8678225624859266,0.9511952214130714,0.9593708672001624,0.028450363196125907,0.6485836451095671,19.45327275999989
ref_0_que_1,minkowski,400,0.8442009620523784,0.7943233237350884,0.9587884806355511,0.8688413948256468,0.9500507443267499,0.9584633810661549,0.02875302663438257,0.6496525921966863,19.060134393000226
ref_0_que_1,seuclidean,0,0.8722608230892571,0.8605633802816901,0.9101290963257199,0.8846525096525096,0.9476566235426092,0.956899988891115,0.025121065375302662,0.5692143238909674,22.572385794999718
ref_0_que_1,seuclidean,100,0.8711918760021379,0.8616619452313503,0.9061569016881827,0.883349467570184,0.9485189322887932,0.957453951435554,0.027239709443099273,0.5660074826296099,23.184470612999576
ref_0_que_1,seuclidean,200,0.8717263495456975,0.8604323308270677,0.9091360476663356,0.8841139546112989,0.9483652051381073,0.9572724054244262,0.02754237288135593,0.5686798503474078,23.5587542330004
ref_0_que_1,seuclidean,300,0.8722608230892571,0.8626062322946175,0.9071499503475671,0.8843175217812197,0.9487605856228621,0.9575256899331277,0.025121065375302662,0.5660074826296099,22.993003434000457
ref_0_que_1,seuclidean,400,0.8690539818278995,0.8625118934348239,0.9001986097318768,0.8809523809523809,0.9478396594210894,0.9572439095908004,0.025121065375302662,0.5617316942811331,21.815767326999776
ref_0_que_1,sqeuclidean,0,0.843399251737039,0.7931034482758621,0.9592850049652433,0.868314606741573,0.9501059136967156,0.9584588671980734,0.02784503631961259,0.6509887760555852,18.330084303999683
ref_0_que_1,sqeuclidean,100,0.8415285943345805,0.7896453322462291,0.9617676266137041,0.8672487127826282,0.9515693387031519,0.9595739634990705,0.028450363196125907,0.6555318011758418,19.07234310199965
ref_0_que_1,sqeuclidean,200,0.8409941207910209,0.7894736842105263,0.9607745779543198,0.8667413213885778,0.9505685318511163,0.9588181782827001,0.02875302663438257,0.6549973276322822,19.116593471999295
ref_0_que_1,sqeuclidean,300,0.8431320149652592,0.7939843428100536,0.9568023833167825,0.8678225624859266,0.9511952214130714,0.9593708672001624,0.028450363196125907,0.6485836451095671,18.478442823000478
ref_0_que_1,sqeuclidean,400,0.8442009620523784,0.7943233237350884,0.9587884806355511,0.8688413948256468,0.9500507443267499,0.9584633810661549,0.02875302663438257,0.6496525921966863,19.30947118200038
ref_0_que_3,mse,0,0.7590652699435939,0.629156010230179,0.9820359281437125,0.7669524551831645,0.9326401251550951,0.8951226213560574,0.034200968523002424,0.6301369863013698,34.23032476200024
ref_0_que_3,mse,100,0.7703464947622884,0.6428571428571429,0.9700598802395209,0.7732696897374701,0.9315234396072718,0.8937422302028369,0.038135593220338986,0.6091861402095085,33.11377469499985
ref_0_que_3,mse,200,0.7526188557614827,0.6224747474747475,0.9840319361277445,0.7625676720804331,0.9301451151750553,0.889884829863241,0.04328087167070218,0.6381950040290089,32.607073854999726
ref_0_que_3,mse,300,0.7606768734891217,0.6307692307692307,0.9820359281437125,0.7681498829039812,0.936133139127151,0.9019798152900005,0.03753026634382567,0.628525382755842,32.93452670500028
ref_0_que_3,mse,400,0.7671232876712328,0.6380208333333334,0.9780439121756487,0.7722616233254531,0.9316744888601176,0.8940639959986826,0.038135593220338986,0.6188557614826753,33.19565970399981
ref_0_que_3,mae,0,0.7614826752618856,0.631578947368421,0.9820359281437125,0.76875,0.9317608027188865,0.8932463178123293,0.03571428571428571,0.6277195809830781,37.468933726000614
ref_0_que_3,mae,100,0.7727639000805802,0.6442687747035574,0.9760479041916168,0.7761904761904762,0.9315126503749258,0.8933319421455812,0.039951573849878935,0.6116035455278002,36.941486246999375
ref_0_que_3,mae,200,0.7477840451248993,0.6180904522613065,0.9820359281437125,0.7586738627602159,0.9303905702109294,0.8912767074145554,0.043583535108958835,0.6414182111200645,37.13149282700033
ref_0_que_3,mae,300,0.7598710717163578,0.6302952503209243,0.9800399201596807,0.7671875,0.9355586125047204,0.9002035354928112,0.03722760290556901,0.6277195809830781,38.23664048499995
ref_0_que_3,mae,400,0.7485898468976632,0.6182728410513142,0.9860279441117764,0.76,0.9310999622376869,0.8928437746125821,0.04539951573849879,0.6438356164383562,36.62628983700051
ref_0_que_3,braycurtis,0,0.7542304593070105,0.6310160427807486,0.9421157684630739,0.755804643714972,0.9050574526622432,0.8226033563473395,0.06083535108958838,0.6027397260273972,13.421858944000633
ref_0_que_3,braycurtis,100,0.7639000805801772,0.6428571428571429,0.9341317365269461,0.7615947925142392,0.9001240761719804,0.8072480987262965,0.05750605326876514,0.5866236905721193,13.058355354000014
ref_0_que_3,braycurtis,200,0.8211120064464141,0.7313432835820896,0.8802395209580839,0.7989130434782609,0.9083131035226844,0.8552383795445822,0.04721549636803874,0.5680902497985496,13.081451303999529
ref_0_que_3,braycurtis,300,0.7590652699435939,0.6364864864864865,0.9401197604790419,0.7590652699435939,0.9054404704105303,0.820102584686231,0.05841404358353511,0.5962933118452861,13.530152214000736
ref_0_que_3,braycurtis,400,0.7856567284448026,0.6874003189792663,0.8602794411177644,0.7641843971631206,0.9020688353023684,0.8561879950287169,0.04721549636803874,0.5987107171635777,14.072647992999919
ref_0_que_3,canberra,0,0.5962933118452861,0.0,0.0,0.0,0.820742299185413,0.7417040578547893,0.1110774818401937,0.5205479452054794,14.460985401000471
ref_0_que_3,canberra,100,0.5962933118452861,0.0,0.0,0.0,0.8183066299832767,0.7319178545621873,0.10805084745762712,0.5092667203867849,14.064886185999967
ref_0_que_3,canberra,200,0.5962933118452861,0.0,0.0,0.0,0.8316717915520311,0.7609342805981922,0.11682808716707022,0.5020145044319098,14.480631473000358
ref_0_que_3,canberra,300,0.5962933118452861,0.0,0.0,0.0,0.8230862599126072,0.7318590351100485,0.10956416464891042,0.508460918614021,15.626620001999981
ref_0_que_3,canberra,400,0.5962933118452861,0.0,0.0,0.0,0.8234557911204619,0.7449951811724185,0.11168280871670702,0.5302175664786463,14.35603987400009
ref_0_que_3,chebyshev,0,0.7614826752618856,0.631578947368421,0.9820359281437125,0.76875,0.9325699951448455,0.8955543836143085,0.03450363196125908,0.6277195809830781,11.93621955799972
ref_0_que_3,chebyshev,100,0.7711522965350524,0.6437086092715232,0.9700598802395209,0.7738853503184714,0.9322004639369907,0.8955549595747794,0.037832929782082324,0.6083803384367445,11.619842238999809
ref_0_que_3,chebyshev,200,0.765511684125705,0.63671875,0.9760479041916168,0.7706855791962175,0.9313211415007823,0.8930683982356203,0.037832929782082324,0.6188557614826753,11.692054109999845
ref_0_que_3,chebyshev,300,0.7630942788074134,0.6335483870967742,0.9800399201596807,0.7695924764890282,0.9363084641527755,0.9035986372021899,0.037832929782082324,0.6244963738920226,11.873103507999986
ref_0_que_3,chebyshev,400,0.765511684125705,0.6360103626943006,0.9800399201596807,0.7714061272584446,0.9320521119922318,0.8954271642341423,0.03662227602905569,0.6220789685737309,12.02912498599926
ref_0_que_3,cityblock,0,0.7614826752618856,0.631578947368421,0.9820359281437125,0.76875,0.9317608027188865,0.8932463178123293,0.03571428571428571,0.6277195809830781,11.2464996839999
ref_0_que_3,cityblock,100,0.7727639000805802,0.6442687747035574,0.9760479041916168,0.7761904761904762,0.9315126503749258,0.8933319421455812,0.039951573849878935,0.6116035455278002,11.30135243299992
ref_0_que_3,cityblock,200,0.7477840451248993,0.6180904522613065,0.9820359281437125,0.7586738627602159,0.9303905702109294,0.8912767074145554,0.043583535108958835,0.6414182111200645,10.916220066000278
ref_0_que_3,cityblock,300,0.7598710717163578,0.6302952503209243,0.9800399201596807,0.7671875,0.9355586125047204,0.9002035354928112,0.03722760290556901,0.6277195809830781,11.039565255000525
ref_0_que_3,cityblock,400,0.7485898468976632,0.6182728410513142,0.9860279441117764,0.76,0.9310999622376869,0.8928437746125821,0.04539951573849879,0.6438356164383562,11.267079952999666
ref_0_que_3,cosine,0,0.669621273166801,0.5507246376811594,0.9860279441117764,0.7067238912732475,0.8002859146571722,0.6360370920073022,0.0614406779661017,0.7228041901692184,11.168810734000544
ref_0_que_3,cosine,100,0.67767929089444,0.5568053993250843,0.9880239520958084,0.7122302158273381,0.8049037061013109,0.636252972114329,0.06234866828087167,0.7163577759871071,10.860490836999816
ref_0_que_3,cosine,200,0.6559226430298146,0.5401301518438177,0.9940119760479041,0.6999297259311315,0.7895668123213033,0.6120257989561382,0.06386198547215496,0.7429492344883158,10.539248219999536
ref_0_que_3,cosine,300,0.6792908944399678,0.5581920903954802,0.9860279441117764,0.7128427128427128,0.8523925122727517,0.7150160232059654,0.059322033898305086,0.7131345688960515,10.90509179699984
ref_0_que_3,cosine,400,0.6865431103948428,0.5639269406392694,0.9860279441117764,0.7175018155410312,0.8209392026757296,0.6710096239031088,0.05569007263922518,0.7058823529411765,10.694642249000026
ref_0_que_3,euclidean,0,0.7590652699435939,0.629156010230179,0.9820359281437125,0.7669524551831645,0.9326401251550951,0.8951226213560574,0.034200968523002424,0.6301369863013698,11.787631848000274
ref_0_que_3,euclidean,100,0.7703464947622884,0.6428571428571429,0.9700598802395209,0.7732696897374701,0.9315234396072718,0.8937422302028369,0.038135593220338986,0.6091861402095085,11.866762677999759
ref_0_que_3,euclidean,200,0.7526188557614827,0.6224747474747475,0.9840319361277445,0.7625676720804331,0.9301451151750553,0.889884829863241,0.04328087167070218,0.6381950040290089,11.886121028000161
ref_0_que_3,euclidean,300,0.7606768734891217,0.6307692307692307,0.9820359281437125,0.7681498829039812,0.936133139127151,0.9019798152900005,0.03753026634382567,0.628525382755842,11.971468355999605
ref_0_que_3,euclidean,400,0.7671232876712328,0.6380208333333334,0.9780439121756487,0.7722616233254531,0.9316744888601176,0.8940639959986826,0.038135593220338986,0.6188557614826753,12.53457390099993
ref_0_que_3,mahalanobis,0,0.8122481869460113,0.7074303405572755,0.9121756487025948,0.7968613775065388,0.925020229810649,0.882559986348952,0.036016949152542374,0.5205479452054794,39.90708525199989
ref_0_que_3,mahalanobis,100,0.8203062046736502,0.7199367088607594,0.908183632734531,0.8031774051191527,0.9304876733020445,0.891330997760847,0.03934624697336562,0.5092667203867849,40.58320489499965
ref_0_que_3,mahalanobis,200,0.8243352135374697,0.7271268057784912,0.9041916167664671,0.806049822064057,0.9254032475589362,0.8824785113323602,0.03904358353510896,0.5020145044319098,39.49937458600016
ref_0_que_3,mahalanobis,300,0.8170829975825947,0.7120743034055728,0.9181636726546906,0.8020924149956408,0.930347413281545,0.8912055102886999,0.0387409200968523,0.5205479452054794,39.4970944050001
ref_0_que_3,mahalanobis,400,0.8235294117647058,0.7210031347962382,0.9181636726546906,0.8077260755048288,0.9303851755947564,0.8911180777670251,0.038135593220338986,0.5141015310233682,39.23026963800021
ref_0_que_3,minkowski,0,0.7590652699435939,0.629156010230179,0.9820359281437125,0.7669524551831645,0.9326401251550951,0.8951226213560574,0.034200968523002424,0.6301369863013698,11.927061327000047
ref_0_que_3,minkowski,100,0.7703464947622884,0.6428571428571429,0.9700598802395209,0.7732696897374701,0.9315234396072718,0.8937422302028369,0.038135593220338986,0.6091861402095085,11.961136717000045
ref_0_que_3,minkowski,200,0.7526188557614827,0.6224747474747475,0.9840319361277445,0.7625676720804331,0.9301451151750553,0.889884829863241,0.04328087167070218,0.6381950040290089,11.655272519999926
ref_0_que_3,minkowski,300,0.7606768734891217,0.6307692307692307,0.9820359281437125,0.7681498829039812,0.936133139127151,0.9019798152900005,0.03753026634382567,0.628525382755842,11.34900903200014
ref_0_que_3,minkowski,400,0.7671232876712328,0.6380208333333334,0.9780439121756487,0.7722616233254531,0.9316744888601176,0.8940639959986826,0.038135593220338986,0.6188557614826753,11.657726980000007
ref_0_que_3,seuclidean,0,0.8058017727639001,0.6906158357771262,0.9401197604790419,0.7962806424344886,0.9277984571397745,0.8869536581160861,0.03571428571428571,0.5495568090249798,13.342433524000626
ref_0_que_3,seuclidean,100,0.8186946011281225,0.7103658536585366,0.9301397205588823,0.8055315471045809,0.931477585369801,0.8934886645307041,0.038135593220338986,0.5286059629331185,14.100847656000042
ref_0_que_3,seuclidean,200,0.8195004029008863,0.710806697108067,0.9321357285429142,0.8065630397236615,0.9303635971300642,0.8903707327730309,0.037832929782082324,0.5294117647058824,14.920960798000124
ref_0_que_3,seuclidean,300,0.8114423851732474,0.6983655274888558,0.93812375249501,0.8006814310051107,0.935582888277499,0.9007927716277846,0.03722760290556901,0.5423045930701047,13.682240999999522
ref_0_que_3,seuclidean,400,0.8170829975825947,0.7082066869300911,0.9301397205588823,0.8041415012942191,0.9305146463829098,0.8920405347733958,0.037832929782082324,0.5302175664786463,13.009856846999355
ref_0_que_3,sqeuclidean,0,0.7590652699435939,0.629156010230179,0.9820359281437125,0.7669524551831645,0.9326401251550951,0.8951226213560574,0.034200968523002424,0.6301369863013698,11.057430056000157
ref_0_que_3,sqeuclidean,100,0.7703464947622884,0.6428571428571429,0.9700598802395209,0.7732696897374701,0.9315234396072718,0.8937422302028369,0.038135593220338986,0.6091861402095085,11.33170002299994
ref_0_que_3,sqeuclidean,200,0.7526188557614827,0.6224747474747475,0.9840319361277445,0.7625676720804331,0.9301451151750553,0.889884829863241,0.04328087167070218,0.6381950040290089,11.540871199999856
ref_0_que_3,sqeuclidean,300,0.7606768734891217,0.6307692307692307,0.9820359281437125,0.7681498829039812,0.936133139127151,0.9019798152900005,0.03753026634382567,0.628525382755842,11.709384539999519
ref_0_que_3,sqeuclidean,400,0.7671232876712328,0.6380208333333334,0.9780439121756487,0.7722616233254531,0.9316744888601176,0.8940639959986826,0.038135593220338986,0.6188557614826753,11.505197700999815
ref_0_que_7,mse,0,0.6380420781451267,0.5562326869806095,0.9598470363288719,0.7043142756927394,0.8530325226636304,0.8265295757508548,0.036924939467312345,0.7750107342206956,44.68485318800049
ref_0_que_7,mse,100,0.6414770287677115,0.5585785674625208,0.9617590822179732,0.7067088162978574,0.839204839279354,0.8066481021210955,0.030871670702179176,0.7732932589094031,43.528941689999556
ref_0_que_7,mse,200,0.6401889222842422,0.5575221238938053,0.9636711281070746,0.7063770147161879,0.852877532194054,0.8265106691281778,0.03480629539951574,0.7762988407041649,42.65696922999996
ref_0_que_7,mse,300,0.6376127093173035,0.5558628318584071,0.9608030592734226,0.7042747021723896,0.8539170115452996,0.828200863354081,0.036924939467312345,0.7762988407041649,42.847739722999904
ref_0_que_7,mse,400,0.6376127093173035,0.5557395143487859,0.9627151051625239,0.7046885934219734,0.8502829321216256,0.8234043092023111,0.034200968523002424,0.7780163160154573,43.94624618300077
ref_0_que_7,mae,0,0.6384714469729498,0.5564784053156147,0.9608030592734226,0.7047685834502104,0.8568819494224369,0.8318739726895826,0.03450363196125908,0.7754401030485186,47.2036058629983
ref_0_que_7,mae,100,0.6414770287677115,0.5587743732590529,0.9588910133843213,0.7060894051390355,0.8372123175695111,0.7935814416069886,0.030871670702179176,0.7707170459424646,46.718288437999945
ref_0_que_7,mae,200,0.6380420781451267,0.556046383213694,0.9627151051625239,0.7049352467623381,0.8555235473741782,0.828088756959384,0.034200968523002424,0.7775869471876342,46.77367568400041
ref_0_que_7,mae,300,0.6393301846285959,0.5570321151716501,0.9617590822179732,0.7054698457223001,0.8613766730401531,0.8378838217967579,0.03450363196125908,0.7754401030485186,46.269743043001654
ref_0_que_7,mae,400,0.6376127093173035,0.5556780595369349,0.9636711281070746,0.7048951048951049,0.8547441241473661,0.829088349373043,0.03480629539951574,0.7788750536711034,46.34766580199903
ref_0_que_7,braycurtis,0,0.6427651352511807,0.5599104143337066,0.9560229445506692,0.7062146892655368,0.7447336771935995,0.6237354376616127,0.025726392251815982,0.7668527264920567,16.958819515999494
ref_0_que_7,braycurtis,100,0.6440532417346501,0.5609208309938237,0.9550669216061185,0.7067562787407146,0.7579801463169644,0.6377969104247235,0.027239709443099273,0.7647058823529411,17.305079880999983
ref_0_que_7,braycurtis,200,0.6431945040790039,0.5598219254312743,0.9617590822179732,0.707703130495955,0.7442940407654741,0.6209902948628869,0.026937046004842615,0.7715757835981107,16.833604748000653
ref_0_que_7,braycurtis,300,0.6380420781451267,0.5567991046446559,0.9512428298279159,0.7024355806565479,0.7496434474053253,0.6319968604176127,0.025726392251815982,0.7672820953198798,17.020684114999312
ref_0_que_7,braycurtis,400,0.6414770287677115,0.5587743732590529,0.9588910133843213,0.7060894051390355,0.7389990298192721,0.6176736301512398,0.02754237288135593,0.7707170459424646,16.762120548000894
ref_0_que_7,canberra,0,0.6771146414770288,0.5884476534296029,0.9349904397705545,0.7223042836041359,0.7628884262357137,0.6453162843885183,0.05205811138014528,0.7136109918419923,18.887434577998647
ref_0_que_7,canberra,100,0.6397595534564191,0.5663036515054453,0.8451242829827916,0.6781741465285769,0.696091259580721,0.5872186483562502,0.05296610169491525,0.6702447402318592,18.589140391999535
ref_0_que_7,canberra,200,0.6371833404894804,0.5608721986674743,0.8852772466539197,0.6866889136077122,0.6858559274167709,0.5637184489237497,0.061138014527845036,0.7088879347359381,18.750564989999475
ref_0_que_7,canberra,300,0.6534993559467582,0.571258199165176,0.9158699808795411,0.7036356959236136,0.7434564961125707,0.6307144672700171,0.06265133171912833,0.7200515242593388,18.221475218000705
ref_0_que_7,canberra,400,0.6500644053241734,0.5693693693693693,0.9063097514340345,0.6993729251198819,0.7467425921261861,0.6459957854287104,0.059322033898305086,0.7148990983254616,18.781330289000834
ref_0_que_7,chebyshev,0,0.6410476599398883,0.5588565022421524,0.9531548757170172,0.7045936395759718,0.8326155088828913,0.7953715116310707,0.03177966101694915,0.7659939888364105,16.53840708200005
ref_0_que_7,chebyshev,100,0.6410476599398883,0.5583333333333333,0.9608030592734226,0.7062543921293043,0.8393121403736763,0.806415046605797,0.030569007263922518,0.7728638900815801,16.00302174999888
ref_0_que_7,chebyshev,200,0.6389008158007728,0.556661138750691,0.9627151051625239,0.7054290718038528,0.8463932674524486,0.817539392024225,0.035108958837772396,0.776728209531988,16.416160283000863
ref_0_que_7,chebyshev,300,0.6384714469729498,0.5564784053156147,0.9608030592734226,0.7047685834502104,0.8503753302861811,0.8223696348658528,0.035108958837772396,0.7754401030485186,15.687425053998595
ref_0_que_7,chebyshev,400,0.6380420781451267,0.5561083471531233,0.9617590822179732,0.7047285464098073,0.8447301004904553,0.8145828803835007,0.03662227602905569,0.776728209531988,15.416992209000455
ref_0_que_7,cityblock,0,0.6384714469729498,0.5564784053156147,0.9608030592734226,0.7047685834502104,0.8568819494224369,0.8318739726895826,0.03450363196125908,0.7754401030485186,14.663415668999733
ref_0_que_7,cityblock,100,0.6414770287677115,0.5587743732590529,0.9588910133843213,0.7060894051390355,0.8372123175695111,0.7935814416069886,0.030871670702179176,0.7707170459424646,15.168878960999791
ref_0_que_7,cityblock,200,0.6380420781451267,0.556046383213694,0.9627151051625239,0.7049352467623381,0.8555235473741782,0.828088756959384,0.034200968523002424,0.7775869471876342,15.039978083999813
ref_0_que_7,cityblock,300,0.6393301846285959,0.5570321151716501,0.9617590822179732,0.7054698457223001,0.8613766730401531,0.8378838217967579,0.03450363196125908,0.7754401030485186,14.12616647699906
ref_0_que_7,cityblock,400,0.6376127093173035,0.5556780595369349,0.9636711281070746,0.7048951048951049,0.8547441241473661,0.829088349373043,0.03480629539951574,0.7788750536711034,14.45054877199982
ref_0_que_7,cosine,0,0.6431945040790039,0.5593594699061292,0.9684512428298279,0.7091354567728386,0.7880646906375324,0.6990295098874091,0.02875302663438257,0.7775869471876342,14.947159026000008
ref_0_que_7,cosine,100,0.6401889222842422,0.5570801317233809,0.9703632887189293,0.7078103207810321,0.7844596719269039,0.6968034522450497,0.025726392251815982,0.7823100042936882,14.761183226999492
ref_0_que_7,cosine,200,0.6397595534564191,0.5565882996172772,0.9732313575525813,0.7081739130434782,0.710230414197127,0.580081888052568,0.030871670702179176,0.78531558608845,14.315279932998237
ref_0_que_7,cosine,300,0.635036496350365,0.5534934497816594,0.9694072657743786,0.7046560111188325,0.7900460351500501,0.7049964804978892,0.028450363196125907,0.7866036925719193,14.193297875999633
ref_0_que_7,cosine,400,0.6406182911120653,0.5572602739726027,0.9722753346080306,0.7084639498432602,0.7879015035565842,0.7130793287142692,0.02784503631961259,0.7835981107771576,14.745207787000254
ref_0_que_7,euclidean,0,0.6380420781451267,0.5562326869806095,0.9598470363288719,0.7043142756927394,0.8530325226636304,0.8265295757508548,0.036924939467312345,0.7750107342206956,15.868291472999772
ref_0_que_7,euclidean,100,0.6414770287677115,0.5585785674625208,0.9617590822179732,0.7067088162978574,0.839204839279354,0.8066481021210955,0.030871670702179176,0.7732932589094031,14.84947530700083
ref_0_que_7,euclidean,200,0.6401889222842422,0.5575221238938053,0.9636711281070746,0.7063770147161879,0.852877532194054,0.8265106691281778,0.03480629539951574,0.7762988407041649,15.094693707998886
ref_0_que_7,euclidean,300,0.6376127093173035,0.5558628318584071,0.9608030592734226,0.7042747021723896,0.8539170115452996,0.828200863354081,0.036924939467312345,0.7762988407041649,14.727876122000453
ref_0_que_7,euclidean,400,0.6376127093173035,0.5557395143487859,0.9627151051625239,0.7046885934219734,0.8502829321216256,0.8234043092023111,0.034200968523002424,0.7780163160154573,15.085335552999823
ref_0_que_7,mahalanobis,0,0.6917131816230142,0.6004901960784313,0.9369024856596558,0.7318894697535474,0.8637305907968448,0.8386394907734226,0.04207021791767555,0.7007299270072993,49.91213286099992
ref_0_que_7,mahalanobis,100,0.6878488621726063,0.5961422543701025,0.9455066921606119,0.7312384473197782,0.8680531855757523,0.8405746432645858,0.04963680387409201,0.712322885358523,49.55541909599924
ref_0_que_7,mahalanobis,200,0.6938600257621297,0.6020846106683017,0.9388145315487572,0.7336570788195742,0.8638527948209339,0.835854184762161,0.041767554479418885,0.7003005581794761,48.65481472000101
ref_0_que_7,mahalanobis,300,0.6904250751395449,0.6001232285890327,0.9311663479923518,0.7298613713001124,0.8661426299796278,0.8412079106272023,0.041767554479418885,0.6968656075568914,48.61667936899903
ref_0_que_7,mahalanobis,400,0.6715328467153284,0.5854103343465046,0.9206500956022945,0.7157190635451505,0.7938306341643704,0.7177635479685528,0.05599273607748184,0.7063117217689996,48.341840054001295
ref_0_que_7,minkowski,0,0.6380420781451267,0.5562326869806095,0.9598470363288719,0.7043142756927394,0.8530325226636304,0.8265295757508548,0.036924939467312345,0.7750107342206956,15.87784011199983
ref_0_que_7,minkowski,100,0.6414770287677115,0.5585785674625208,0.9617590822179732,0.7067088162978574,0.839204839279354,0.8066481021210955,0.030871670702179176,0.7732932589094031,15.28342229000009
ref_0_que_7,minkowski,200,0.6401889222842422,0.5575221238938053,0.9636711281070746,0.7063770147161879,0.852877532194054,0.8265106691281778,0.03480629539951574,0.7762988407041649,14.79436463699858
ref_0_que_7,minkowski,300,0.6376127093173035,0.5558628318584071,0.9608030592734226,0.7042747021723896,0.8539170115452996,0.828200863354081,0.036924939467312345,0.7762988407041649,15.062087003998386
ref_0_que_7,minkowski,400,0.6376127093173035,0.5557395143487859,0.9627151051625239,0.7046885934219734,0.8502829321216256,0.8234043092023111,0.034200968523002424,0.7780163160154573,15.40636553799959
ref_0_que_7,seuclidean,0,0.6839845427221983,0.5927033492822966,0.9474187380497132,0.7292126563649742,0.8598446518601092,0.83308959749385,0.04297820823244552,0.7179046801202232,17.37963678900087
ref_0_que_7,seuclidean,100,0.6711034778875054,0.5835322195704057,0.9349904397705545,0.7185892725936811,0.8271193083848353,0.764701020821567,0.04903147699757869,0.7196221554315156,17.291103200999714
ref_0_que_7,seuclidean,200,0.6603692571919278,0.5748678802113917,0.9359464627151052,0.7122590032739178,0.8176455159319771,0.7621262686277859,0.04993946731234867,0.7312151137827394,17.655231745999117
ref_0_que_7,seuclidean,300,0.669386002576213,0.5829326923076923,0.9273422562141491,0.7158671586715867,0.8195135981782659,0.766058460331597,0.04328087167070218,0.7144697294976384,17.05722111400064
ref_0_que_7,seuclidean,400,0.6835551738943753,0.5929043896572459,0.9426386233269598,0.7279438907345884,0.855871530784237,0.8302713524638371,0.0423728813559322,0.7140403606698154,17.629101206000996
ref_0_que_7,sqeuclidean,0,0.6380420781451267,0.5562326869806095,0.9598470363288719,0.7043142756927394,0.8530325226636304,0.8265295757508548,0.036924939467312345,0.7750107342206956,14.446057802999348
ref_0_que_7,sqeuclidean,100,0.6414770287677115,0.5585785674625208,0.9617590822179732,0.7067088162978574,0.839204839279354,0.8066481021210955,0.030871670702179176,0.7732932589094031,15.064278310999725
ref_0_que_7,sqeuclidean,200,0.6401889222842422,0.5575221238938053,0.9636711281070746,0.7063770147161879,0.852877532194054,0.8265106691281778,0.03480629539951574,0.7762988407041649,14.106859416999214
ref_0_que_7,sqeuclidean,300,0.6376127093173035,0.5558628318584071,0.9608030592734226,0.7042747021723896,0.8539170115452996,0.828200863354081,0.036924939467312345,0.7762988407041649,14.810373920001439
ref_0_que_7,sqeuclidean,400,0.6376127093173035,0.5557395143487859,0.9627151051625239,0.7046885934219734,0.8502829321216256,0.8234043092023111,0.034200968523002424,0.7780163160154573,14.538342031999491
ref_0_que_1-7,mse,0,0.8166448801742919,0.8118719761816152,0.7996700879765396,0.805724838411819,0.9014491439376481,0.9013603414720275,0.034200968523002424,0.46832244008714596,111.74573879699892
ref_0_que_1-7,mse,100,0.8154248366013072,0.8029038112522686,0.8108504398826979,0.8068575597300748,0.9014791077034163,0.9029082622752016,0.03662227602905569,0.4801742919389978,107.56834944299953
ref_0_que_1-7,mse,200,0.8167320261437908,0.8072200842954004,0.8073680351906158,0.8072940529643544,0.9007622306976101,0.902468333159973,0.031476997578692496,0.47555555555555556,106.93412652000006
ref_0_que_1-7,mse,300,0.8184749455337691,0.8086001829826166,0.8099340175953079,0.809266550682172,0.9020276212326654,0.903366877544393,0.032990314769975784,0.47625272331154683,109.01318206999895
ref_0_que_1-7,mse,400,0.8163834422657952,0.806068360445988,0.8082844574780058,0.8071748878923767,0.9008370183081045,0.9023225144677366,0.032990314769975784,0.4767755991285403,109.97141681200083
ref_0_que_1-7,mae,0,0.8144662309368191,0.8060717571297148,0.8029692082111437,0.8045174915067487,0.9010230129029334,0.9014724912896386,0.03480629539951574,0.4736383442265795,129.41284786699907
ref_0_que_1-7,mae,100,0.8162091503267974,0.8053274949826674,0.8090175953079178,0.8071683276949804,0.9018918707572647,0.9025003535863283,0.03450363196125908,0.4776470588235294,120.43974462199913
ref_0_que_1-7,mae,200,0.8181263616557735,0.8095938246645837,0.8073680351906158,0.8084793979994493,0.9012902811673105,0.9025534134717085,0.031476997578692496,0.474161220043573,119.4427196430006
ref_0_que_1-7,mae,300,0.8188235294117647,0.8020032194598462,0.8218475073313783,0.8118041097130443,0.901063725865161,0.9002143813954442,0.03571428571428571,0.4872331154684096,119.52354236199972
ref_0_que_1-7,mae,400,0.8181263616557735,0.8090258668134287,0.8082844574780058,0.8086549922068397,0.9011501152995962,0.9023308707627398,0.03268765133171913,0.4750326797385621,118.20074997800111
ref_0_que_1-7,braycurtis,0,0.8125490196078431,0.8343111470766741,0.7558651026392962,0.7931531878065199,0.8891005705783104,0.8730264371238725,0.03268765133171913,0.4307625272331155,41.78919792899978
ref_0_que_1-7,braycurtis,100,0.8113289760348584,0.8338405356055996,0.7532991202346041,0.7915262397688975,0.889193902836521,0.8717737174999114,0.028450363196125907,0.4295424836601307,42.32454345900078
ref_0_que_1-7,braycurtis,200,0.8135947712418301,0.8336350834842085,0.7595307917888563,0.7948594993766184,0.8890848883228524,0.8724157581849357,0.02875302663438257,0.43320261437908497,43.02528233799967
ref_0_que_1-7,braycurtis,300,0.8164705882352942,0.8262563303467082,0.7774926686217009,0.8011331444759207,0.8888072971757567,0.8668289135140949,0.033292978208232446,0.4474074074074074,41.40001767600006
ref_0_que_1-7,braycurtis,400,0.8135076252723311,0.8346790472345579,0.7578812316715543,0.7944284341978867,0.8888980411005422,0.8730127559050287,0.029358353510895885,0.4317211328976035,42.62115102499956
ref_0_que_1-7,canberra,0,0.7896296296296297,0.8184673366834171,0.7164589442815249,0.7640734949179047,0.8491368852007743,0.8222356556960648,0.06840193704600485,0.4162091503267974,45.23059744100101
ref_0_que_1-7,canberra,100,0.7892810457516339,0.8295010845986985,0.7008797653958945,0.759785416252732,0.8493920339745256,0.8226122984837849,0.06053268765133172,0.4017429193899782,46.8925026729994
ref_0_que_1-7,canberra,200,0.7877995642701525,0.8240720875348637,0.7039956011730205,0.7593160027676189,0.8493553709928334,0.8227408721010725,0.05962469733656174,0.40618736383442267,46.78963309400024
ref_0_que_1-7,canberra,300,0.7868409586056645,0.8256166161834704,0.6994134897360704,0.7572931137130383,0.8498266303820892,0.8232087438791094,0.06083535108958838,0.40278867102396515,47.78754845799995
ref_0_que_1-7,canberra,400,0.7870152505446623,0.821382842509603,0.7054618768328446,0.759021889173733,0.849672639768787,0.8237060405988426,0.059322033898305086,0.4083660130718954,47.305590316000234
ref_0_que_1-7,chebyshev,0,0.8169063180827887,0.8119769388134648,0.8002199413489736,0.8060555709406443,0.9011137263767375,0.902397474196345,0.03177966101694915,0.4685838779956427,39.00374088600074
ref_0_que_1-7,chebyshev,100,0.8182135076252723,0.8104274134119381,0.8062683284457478,0.8083425211319368,0.9017230505159857,0.9033304123872836,0.03238498789346247,0.47302832244008713,39.35202372300046
ref_0_que_1-7,chebyshev,200,0.8197821350762527,0.8115115851415962,0.8088343108504399,0.810170736185056,0.9023098104779634,0.9029285499858388,0.03480629539951574,0.4738997821350763,39.637732985000184
ref_0_que_1-7,chebyshev,300,0.8179520697167756,0.8044854404051366,0.8152492668621701,0.8098315885298134,0.9023702252252033,0.9036524227144757,0.03631961259079903,0.48183006535947714,39.087624374998995
ref_0_que_1-7,chebyshev,400,0.8161220043572984,0.8066348973607038,0.8066348973607038,0.8066348973607038,0.90172292871206,0.9030213019103343,0.03268765133171913,0.47546840958605663,39.43595660900064
ref_0_que_1-7,cityblock,0,0.8144662309368191,0.8060717571297148,0.8029692082111437,0.8045174915067487,0.9010230129029334,0.9014724912896386,0.03480629539951574,0.4736383442265795,37.73808326800099
ref_0_que_1-7,cityblock,100,0.8162091503267974,0.8053274949826674,0.8090175953079178,0.8071683276949804,0.9018918707572647,0.9025003535863283,0.03450363196125908,0.4776470588235294,38.56811953400029
ref_0_que_1-7,cityblock,200,0.8181263616557735,0.8095938246645837,0.8073680351906158,0.8084793979994493,0.9012902811673105,0.9025534134717085,0.031476997578692496,0.474161220043573,37.384306924001066
ref_0_que_1-7,cityblock,300,0.8188235294117647,0.8020032194598462,0.8218475073313783,0.8118041097130443,0.901063725865161,0.9002143813954442,0.03571428571428571,0.4872331154684096,37.58845271000064
ref_0_que_1-7,cityblock,400,0.8181263616557735,0.8090258668134287,0.8082844574780058,0.8086549922068397,0.9011501152995962,0.9023308707627398,0.03268765133171913,0.4750326797385621,37.17347003300165
ref_0_que_1-7,cosine,0,0.8266666666666667,0.8295000950389659,0.7998533724340176,0.8144070168890548,0.8944863138672796,0.8775113470531422,0.033292978208232446,0.45847494553376905,35.64595097599886
ref_0_que_1-7,cosine,100,0.8251851851851851,0.8283212790255043,0.7976539589442815,0.8126984126984127,0.8951149134777993,0.8775582392931227,0.03268765133171913,0.45786492374727666,35.7248668379998
ref_0_que_1-7,cosine,200,0.8258823529411765,0.8272142316426949,0.8011363636363636,0.8139664804469273,0.8949749912179369,0.8788909754993888,0.032990314769975784,0.46047930283224403,36.489263888001005
ref_0_que_1-7,cosine,300,0.8251851851851851,0.8249811605124341,0.8026026392961877,0.8136380527684876,0.8961631580639803,0.8793540783723124,0.03268765133171913,0.4625708061002179,36.969488914000976
ref_0_que_1-7,cosine,400,0.8259694989106754,0.8279916556040204,0.8002199413489736,0.813868953304129,0.8949547717662397,0.8791447897327007,0.031174334140435835,0.459520697167756,36.74689922400103
ref_0_que_1-7,euclidean,0,0.8166448801742919,0.8118719761816152,0.7996700879765396,0.805724838411819,0.9014491439376481,0.9013603414720275,0.034200968523002424,0.46832244008714596,38.730593010999655
ref_0_que_1-7,euclidean,100,0.8154248366013072,0.8029038112522686,0.8108504398826979,0.8068575597300748,0.9014791077034163,0.9029082622752016,0.03662227602905569,0.4801742919389978,38.69238574500014
ref_0_que_1-7,euclidean,200,0.8167320261437908,0.8072200842954004,0.8073680351906158,0.8072940529643544,0.9007622306976101,0.902468333159973,0.031476997578692496,0.47555555555555556,37.7074244760006
ref_0_que_1-7,euclidean,300,0.8184749455337691,0.8086001829826166,0.8099340175953079,0.809266550682172,0.9020276212326654,0.903366877544393,0.032990314769975784,0.47625272331154683,38.19318466100049
ref_0_que_1-7,euclidean,400,0.8163834422657952,0.806068360445988,0.8082844574780058,0.8071748878923767,0.9008370183081045,0.9023225144677366,0.032990314769975784,0.4767755991285403,38.503791982999246
ref_0_que_1-7,mahalanobis,0,0.7929411764705883,0.8871292106586224,0.6468108504398827,0.7481450074199704,0.8781875173875103,0.886212070614393,0.03753026634382567,0.3466666666666667,125.91438543699951
ref_0_que_1-7,mahalanobis,100,0.7950326797385621,0.8923154701718908,0.6469941348973607,0.7501062473438164,0.8768210295939691,0.8858771466049704,0.03480629539951574,0.34474945533769064,125.40278946099897
ref_0_que_1-7,mahalanobis,200,0.7943355119825708,0.8911066195048004,0.6464442815249267,0.7493095389844912,0.8763593622638769,0.8856409596031802,0.032990314769975784,0.34492374727668845,122.53520394999941
ref_0_que_1-7,mahalanobis,300,0.7937254901960784,0.8919056077137782,0.6442448680351907,0.7481110992870065,0.8777915937264158,0.8863296050436084,0.03208232445520581,0.343442265795207,121.89543348500047
ref_0_que_1-7,mahalanobis,400,0.7942483660130719,0.891672994178689,0.6457111436950147,0.7490166896991602,0.8772530072171263,0.886021077202698,0.03571428571428571,0.34431372549019607,122.68555615900004
ref_0_que_1-7,minkowski,0,0.8166448801742919,0.8118719761816152,0.7996700879765396,0.805724838411819,0.9014491439376481,0.9013603414720275,0.034200968523002424,0.46832244008714596,35.42914757700055
ref_0_que_1-7,minkowski,100,0.8154248366013072,0.8029038112522686,0.8108504398826979,0.8068575597300748,0.9014791077034163,0.9029082622752016,0.03662227602905569,0.4801742919389978,35.7264157110003
ref_0_que_1-7,minkowski,200,0.8167320261437908,0.8072200842954004,0.8073680351906158,0.8072940529643544,0.9007622306976101,0.902468333159973,0.031476997578692496,0.47555555555555556,35.237428653999814
ref_0_que_1-7,minkowski,300,0.8184749455337691,0.8086001829826166,0.8099340175953079,0.809266550682172,0.9020276212326654,0.903366877544393,0.032990314769975784,0.47625272331154683,35.655443325000306
ref_0_que_1-7,minkowski,400,0.8163834422657952,0.806068360445988,0.8082844574780058,0.8071748878923767,0.9008370183081045,0.9023225144677366,0.032990314769975784,0.4767755991285403,36.15539207199981
ref_0_que_1-7,seuclidean,0,0.7993028322440087,0.8608377203021287,0.6893328445747801,0.7655979643765903,0.8794379260396817,0.8875925609152455,0.03268765133171913,0.38074074074074077,40.55413637399943
ref_0_que_1-7,seuclidean,100,0.8020915032679738,0.853496115427303,0.7047287390029325,0.7720108422849111,0.8772639086684931,0.8862497977480972,0.03238498789346247,0.3925925925925926,42.06453217699891
ref_0_que_1-7,seuclidean,200,0.8027886710239651,0.8558056607978605,0.7038123167155426,0.7724026953635723,0.878368000354693,0.8870490796517874,0.03208232445520581,0.3910239651416122,40.392027182000675
ref_0_que_1-7,seuclidean,300,0.8042701525054466,0.8468020743301642,0.718291788856305,0.7772709242364141,0.8782796925084252,0.8868280986967907,0.03662227602905569,0.4033115468409586,41.332255077999434
ref_0_que_1-7,seuclidean,400,0.8026143790849674,0.853690977610286,0.7058284457478006,0.7727500752483194,0.8779753653995972,0.8865206228884126,0.032990314769975784,0.39311546840958606,41.75913183800003
ref_0_que_1-7,sqeuclidean,0,0.8166448801742919,0.8118719761816152,0.7996700879765396,0.805724838411819,0.9014491439376481,0.9013603414720275,0.034200968523002424,0.46832244008714596,34.99875518600129
ref_0_que_1-7,sqeuclidean,100,0.8154248366013072,0.8029038112522686,0.8108504398826979,0.8068575597300748,0.9014791077034163,0.9029082622752016,0.03662227602905569,0.4801742919389978,35.062087922999126
ref_0_que_1-7,sqeuclidean,200,0.8167320261437908,0.8072200842954004,0.8073680351906158,0.8072940529643544,0.9007622306976101,0.902468333159973,0.031476997578692496,0.47555555555555556,34.57040808599959
ref_0_que_1-7,sqeuclidean,300,0.8184749455337691,0.8086001829826166,0.8099340175953079,0.809266550682172,0.9020276212326654,0.903366877544393,0.032990314769975784,0.47625272331154683,35.20526969599996
ref_0_que_1-7,sqeuclidean,400,0.8163834422657952,0.806068360445988,0.8082844574780058,0.8071748878923767,0.9008370183081045,0.9023225144677366,0.032990314769975784,0.4767755991285403,34.56514610600061
